Signature,Time,Action,From,To,Amount,Value,Decimals,TokenAddress
3M6nArdkAFLP5Dw9nqV3WwngW4nbjYt8B44Gvt4ue88qDN4MPJvu3kSUfweoTQfLaFg6rWAqhnJL8PG8vF9zhf4r,1734441953,TRANSFER,4wXe4gaUzA1kiTCCMcVvuG5eNGPAhN4QLMbVedek2xRt,7yRZowUx9HrgqXc5LsqVbpvKB2JdPAx7cTimFpCZ6MmF,18588893783,0.1145,6,45jBd1sQWuSr2dbTBgjb168xaA6De78rLVUvQ2Zmpump
2AMxAeCydb2eBpZthDpsGiruBewek579pmzBUotJUbuU5tbB55LtiHX7xMhMnvVCddsocnj9S8YbfRzzLcXhuF2v,1734418250,TRANSFER,2UAjenDvgrfdBiKTQExFkZbQ3LkVV1SxFMniyCk8ugDr,7yRZowUx9HrgqXc5LsqVbpvKB2JdPAx7cTimFpCZ6MmF,55591688417,0.3424,6,45jBd1sQWuSr2dbTBgjb168xaA6De78rLVUvQ2Zmpump
RHDVhSNb8Y2YYVRo6W5FBM36LeNHbVShvVVvGPqGkoXWjaEfJfE9JQtkhtuMNT7bZhAdTDqEfTaoBiTFNqRczyS,1734385991,TRANSFER,3brGFhCY9a256G7RmyuPc4PKFUtoWs9G34rixQxjHFux,7yRZowUx9HrgqXc5LsqVbpvKB2JdPAx7cTimFpCZ6MmF,588302067735,3.6237,6,45jBd1sQWuSr2dbTBgjb168xaA6De78rLVUvQ2Zmpump
3K14TWaUYpVBnx3LV3ArkZr33oXeV4jcki3C5xpENpfcHcNFCXjVge3kZXbSoLg8kGAK92ug9MQ9veMqoNjHHUKa,1734382953,TRANSFER,7gXFUVoKVmwkAvNdSsg7fuwXTitxaw8VTCe3gdTq8XFZ,7yRZowUx9HrgqXc5LsqVbpvKB2JdPAx7cTimFpCZ6MmF,360882000000,2.2229,6,45jBd1sQWuSr2dbTBgjb168xaA6De78rLVUvQ2Zmpump
4fARzMU6rwqcBNVfsYhMnREeLRvpoRB4jJiqTcmdr36SGGJAaNPRrVgrsWfbmEarjpJ9BkBmEMR6MbQcxR27Uij1,1734376565,TRANSFER,7B2hHs2DXEnaHEeytST3PauA6CnYVLuQbwtAvAAZCY1U,7yRZowUx9HrgqXc5LsqVbpvKB2JdPAx7cTimFpCZ6MmF,579897739647,3.5719,6,45jBd1sQWuSr2dbTBgjb168xaA6De78rLVUvQ2Zmpump
3JUNeNuXo2FRKD4UZoWAnYdEEDK8xKHMLVvgosRYQfBWEacPgkBw9V2PdxEVYxHEM8hza67CHJdZEhcG61wennmc,1734362603,TRANSFER,4dF6YDWZ2tk1JwQXnfA1VYUvnEptjPmipTHjkY3zQLdJ,7yRZowUx9HrgqXc5LsqVbpvKB2JdPAx7cTimFpCZ6MmF,100457345517,0.6188,6,45jBd1sQWuSr2dbTBgjb168xaA6De78rLVUvQ2Zmpump
y9GYXn8zi7cGN7GQdaN8Rgb3y9hxG9rgBbpcUxeRaeg1GzLPLWGULVupefh9ZfVHMCoybZjGKKEyBBAdakP1LNL,1734362448,TRANSFER,836iyoeYuw1JMhoM2G15Jx6XJdpiNui256CBBoP45E2T,7yRZowUx9HrgqXc5LsqVbpvKB2JdPAx7cTimFpCZ6MmF,118749014207,0.7326,6,45jBd1sQWuSr2dbTBgjb168xaA6De78rLVUvQ2Zmpump
5iN6WYDynKwHSBNEAxj29oc6YpiDFjHCzwouzrHGRpJUyrqnbxcLmZeBm8w6KBEb3Eb3nZ3uqnyZaVMQTYrMn9dP,1734362432,TRANSFER,5Av8tN1oZHbBrZNKmB4x3q6oWRyab7imqkpbidFs8BYW,7yRZowUx9HrgqXc5LsqVbpvKB2JdPAx7cTimFpCZ6MmF,2239571884483,13.82,6,45jBd1sQWuSr2dbTBgjb168xaA6De78rLVUvQ2Zmpump
3DK3RuodGAoKrTsyuVgXVWiJ7ntvjQGS4LRPMCSNjv7LM1KRETrw7pfu9MGynAegvX3jHEEcDw3jgJbyA5oWhmCB,1734362371,TRANSFER,BVb8ArefYrM4K9xCtdbD2NMSjbo78xgsfbWfRVcuPhe7,7yRZowUx9HrgqXc5LsqVbpvKB2JdPAx7cTimFpCZ6MmF,473277093179,2.92,6,45jBd1sQWuSr2dbTBgjb168xaA6De78rLVUvQ2Zmpump
334x6w6NucM2vsR3nrbVTvu8nSED5W3ZwLQ5dcbcSk1szRUse7UZpv2NY2mhHzAe5nnioBcHvTFbESPJgZyMzZXF,1734362218,TRANSFER,9NeYXVRzLf3kWKk8wS7YHYLX1xfGxYe927HNaahh34SV,7yRZowUx9HrgqXc5LsqVbpvKB2JdPAx7cTimFpCZ6MmF,2705182838634,18.22,6,45jBd1sQWuSr2dbTBgjb168xaA6De78rLVUvQ2Zmpump
xBuiSYyfb5eMjJRsBE6zaqtATDbJCuRaZJkDnD4KWKPFAWbHuXgTvgRnpbvWF3eqVarbK5G7gD95D2KXCesHJKD,1734362176,TRANSFER,945xVGGgcuUpoBi5Juj8UQj5VqbRJEKizREJfkSRBcBj,7yRZowUx9HrgqXc5LsqVbpvKB2JdPAx7cTimFpCZ6MmF,388134745987,2.614,6,45jBd1sQWuSr2dbTBgjb168xaA6De78rLVUvQ2Zmpump
35M2gMZHkex6pajWTn3wojSkyDFMvuYnmc3qDvmyHZRXF2juCD8AjNV6NFh3tqcCQoCc6tdpqKDpiHsgpxgAJKxw,1734362093,TRANSFER,6scRW7e4zGS3VzwAMA3cX5htQuGX1VsFFPai7Fncax2a,7yRZowUx9HrgqXc5LsqVbpvKB2JdPAx7cTimFpCZ6MmF,3829658566,0.02579,6,45jBd1sQWuSr2dbTBgjb168xaA6De78rLVUvQ2Zmpump
4m76FB7NBYCYhAwTvBKEsnamgGotB398M2wM6ikbVfAmzS44iKfCUhK19P3AnSQYCvxZczU3HTbDx3tzLLqZZAGP,1734361988,TRANSFER,3bjRHUNnfqB5U1j6gX6R17YcbESEZYT2mdszWfDyaUd7,7yRZowUx9HrgqXc5LsqVbpvKB2JdPAx7cTimFpCZ6MmF,93451572056,0.6294,6,45jBd1sQWuSr2dbTBgjb168xaA6De78rLVUvQ2Zmpump
4GN783EVhFhPLzhdBUN6Jb5DkjkUzdkQ9D76SWoi3jxwJsQJzJdWNHETb7LuiPmdtormSYc6yFyojuWAZa4ArNHR,1734361958,TRANSFER,2gwZisXsZuzdYUUXcVGe399aArxmvp3TaZhmunrDicu2,7yRZowUx9HrgqXc5LsqVbpvKB2JdPAx7cTimFpCZ6MmF,153379222943,1.033,6,45jBd1sQWuSr2dbTBgjb168xaA6De78rLVUvQ2Zmpump
5fDBxiwRsbbhEiFDqutxu1RZ5a7eKJD9JcW8J89NNvwms8W4MVPpniv6SvM1aTPHmjw9vb9EgidyCAbTQfXTyCdu,1734361852,TRANSFER,BpyGE2B6mrB3XFUdPurticuks1EXwz8wGcLfqn12eKC3,7yRZowUx9HrgqXc5LsqVbpvKB2JdPAx7cTimFpCZ6MmF,534293126347,35.51,6,45jBd1sQWuSr2dbTBgjb168xaA6De78rLVUvQ2Zmpump
2ztiZbKPvX4Y4CLtXNMuSWSZawT31kWxHQBUQpjR46ivVy9TQZuMJapXTchKUsycVmpdLWR1cFX8M56SAuV3AK5F,1734361847,TRANSFER,AvhY4itqiJHokiyRiQGsoMx1MprU4giL7NDTRDH3DMsQ,7yRZowUx9HrgqXc5LsqVbpvKB2JdPAx7cTimFpCZ6MmF,529635715303,35.2,6,45jBd1sQWuSr2dbTBgjb168xaA6De78rLVUvQ2Zmpump
5nNZrmWnQwC3gbzE1Y8jAMs6XPZ5fChkwnug1wv9SMiu8GwotSat66aMiTsqWQFvWsfza2QrzmtuP6STjGCLqCKR,1734361846,TRANSFER,Ce3xzKZU1crtzBgCcQMmPJ5G2dFJbhXRB27Z5Z3kxtjw,7yRZowUx9HrgqXc5LsqVbpvKB2JdPAx7cTimFpCZ6MmF,275356859154,18.3,6,45jBd1sQWuSr2dbTBgjb168xaA6De78rLVUvQ2Zmpump
39FDVgzNUju1CAyQH9T3m3UiHqAfVySbLeXioFWyDgpFU85xSQJAVwSwBnPJ4Ub4RBvXfUSXbdbvSkudjtksWGoz,1734361846,TRANSFER,suuuMk7ZG2f5zDSQk3NhZYXA3AMFBpwVfHUau7aAg4b,7yRZowUx9HrgqXc5LsqVbpvKB2JdPAx7cTimFpCZ6MmF,9230481347764,613.49,6,45jBd1sQWuSr2dbTBgjb168xaA6De78rLVUvQ2Zmpump
4HVwR6neCVKQnfxGqDnFHi2n18uezfwJ4yDRuM3VyGaEwpzJ5B1WP9MtkwfoN2iBKDFfx7nLUkS592tcARBNpakz,1734361835,TRANSFER,BrQoig8L1BjCrx3pEJaEahHifr8u5E2vpitQ5vwvh1Z9,7yRZowUx9HrgqXc5LsqVbpvKB2JdPAx7cTimFpCZ6MmF,543423001072,36.12,6,45jBd1sQWuSr2dbTBgjb168xaA6De78rLVUvQ2Zmpump
5yvR6zT9KpyphD3P5PK5EAyB9NKywQRPyosSWmMdwFLCgwiS548G3A3jM1Y42DeRXfaoGtXmT6xhDEDHvqaPgExk,1734361835,TRANSFER,7XifaKdb31ZAyBGtLhPHR5v6HmPr9V6kf7wzkBDpgtSC,7yRZowUx9HrgqXc5LsqVbpvKB2JdPAx7cTimFpCZ6MmF,329044302253,21.87,6,45jBd1sQWuSr2dbTBgjb168xaA6De78rLVUvQ2Zmpump
4JBpPAUM1wmxoK4fUcpi9ta3SSpb4XfR8Y4SPRXgcXhuj1SBBwr81gC7sNJ3RuWxgU59EuKbePh6w5ZN7Ny4X47e,1734361835,TRANSFER,32z7kqipe7rCWs3WYKmtYFWMuB5GSG9fcycUCTrM1h9g,7yRZowUx9HrgqXc5LsqVbpvKB2JdPAx7cTimFpCZ6MmF,463785697049,30.83,6,45jBd1sQWuSr2dbTBgjb168xaA6De78rLVUvQ2Zmpump
2urfSPSQkHkJLXW86EMD9Y74JAhdRcyvoVtuh3WaMN89hu6rgT6do8Gwe67QB3BxfPXW6m4S4ydycZJNRqcGeerU,1734361833,TRANSFER,Fpnq7gxkP1rtwQ5iaF9CkRjFfA8sezoXKrUoq2ovmSyD,7yRZowUx9HrgqXc5LsqVbpvKB2JdPAx7cTimFpCZ6MmF,306512232183,20.37,6,45jBd1sQWuSr2dbTBgjb168xaA6De78rLVUvQ2Zmpump
4ZMhuMqF3ibiM7nxe7bAijmq5avn61qnrzXUy6inFK8z9DhKJuGJ8gwQf1azjBBazxGxFCKtXdxJxDcNtUT2sDga,1734361832,TRANSFER,HajTWqn9uHRLMf2NuVh42Y7mNPujbgcKyemANE6CAYYu,7yRZowUx9HrgqXc5LsqVbpvKB2JdPAx7cTimFpCZ6MmF,3245130000000,215.68,6,45jBd1sQWuSr2dbTBgjb168xaA6De78rLVUvQ2Zmpump
2Hr3wafTrzYcqw5QxCR4Fsx27ZYwFciEEV87C8s3YLNW2gLuHAojJRvG792mNRg9SdA8XZ78pjLHaBq8bZFJwa1i,1734361831,TRANSFER,HWy88vMyvt22SU4e5EQapBxwWBTXWJTzd8tb2RncxauC,7yRZowUx9HrgqXc5LsqVbpvKB2JdPAx7cTimFpCZ6MmF,0,0,6,45jBd1sQWuSr2dbTBgjb168xaA6De78rLVUvQ2Zmpump
55rCjjKxGcQqvzxgKSmbv2K6JUS6kjQk8RNwEuwfyAuVHSif9QhMWWJiw1D87Ba7NCjEnx8WZUMCsQLTFYuuvMwt,1734361829,TRANSFER,HderASYBTstDHjvUHxQgnSaGtAdKA476AyNmsJQnBCUD,7yRZowUx9HrgqXc5LsqVbpvKB2JdPAx7cTimFpCZ6MmF,230665030580,15.33,6,45jBd1sQWuSr2dbTBgjb168xaA6De78rLVUvQ2Zmpump
62rcNx2ijsXHWC7fPZXz44PPe1XAHdTUKb8AxqkKEK8cVzNEKbNMWxNUJYJG1PCyaYuMSaHwh1DywTo6p58au1Xh,1734361829,TRANSFER,APJYgBTqMMq6emDzvZuAJMxLMFZndPUWvXUU5fzQLKwV,7yRZowUx9HrgqXc5LsqVbpvKB2JdPAx7cTimFpCZ6MmF,522950516874,34.76,6,45jBd1sQWuSr2dbTBgjb168xaA6De78rLVUvQ2Zmpump
3JWC9dD5VkxN6vaE1xhE46bdmhgvvhbLpoW7vL612ac2tiaJHCPctwzzmd8M6kFKTbfKpNDRY5J8xKzoRH9iB1XY,1734361827,TRANSFER,AujuP5i8r3UYw711G3toUE7beZUL7vdDZvo6xcKUD495,7yRZowUx9HrgqXc5LsqVbpvKB2JdPAx7cTimFpCZ6MmF,433540673235,28.81,6,45jBd1sQWuSr2dbTBgjb168xaA6De78rLVUvQ2Zmpump
46fej1Xa8gs4eFyHpwGZ4xCv5XGYsGL7LFLYgB4XuKeT3fqX8HTczEwubbozbg1wnpZ9vomJUSGB9wxwCUsWu1ac,1734361827,TRANSFER,ABMv5JHwxjvxaySoucEmABxD6pcwqjKA37LyV4W4jW8c,7yRZowUx9HrgqXc5LsqVbpvKB2JdPAx7cTimFpCZ6MmF,600543589539,39.91,6,45jBd1sQWuSr2dbTBgjb168xaA6De78rLVUvQ2Zmpump
4st6DPQHHvJxTz5j9oQdRRmJrWYfvH3M6bf7FersCqF3AqSQBjeQVjw8sDj89yd8hiuSbvuFfiSvx23cZVGiRecu,1734361823,TRANSFER,4TfJWw1Xinh4hrZNgrpWixA7K1SHWTcnw7bipG9KXB8H,7yRZowUx9HrgqXc5LsqVbpvKB2JdPAx7cTimFpCZ6MmF,593980057123,39.48,6,45jBd1sQWuSr2dbTBgjb168xaA6De78rLVUvQ2Zmpump
4eZmGzMEyYYMM8aRYDFgxmX2iiq56dqcxiPMVSu3nTKjyK77Xo1qA9F7nFngboXbkeQT3x2k3hXwwGFN5AUsZavi,1734361823,TRANSFER,8J73nAJGqvTNx4KmRaAFX7bPQuBWtXDUuhm1K7vMk69G,7yRZowUx9HrgqXc5LsqVbpvKB2JdPAx7cTimFpCZ6MmF,589319439896,39.17,6,45jBd1sQWuSr2dbTBgjb168xaA6De78rLVUvQ2Zmpump
eWP5H863X9aQQA2fYHB9sHwp2GANg6zwfvfRsVBZ4Hm3ZcGHGTd74M2wikd3FuXDKJfdnoomeaaAFgnWFfnyBUz,1734361823,TRANSFER,BMek3rRYg6CgFAP6Xx3VtSsmvAUhgKNdXEQGwFMohcNN,7yRZowUx9HrgqXc5LsqVbpvKB2JdPAx7cTimFpCZ6MmF,587035434341,39.02,6,45jBd1sQWuSr2dbTBgjb168xaA6De78rLVUvQ2Zmpump
KugFniPAUKgPTKkhXPZz4PboFnnbbBbXHU88834HqpwfHC5KNH8DxY6HP1cS7nXfy36Lmyw2qkhdY5c9XCYGguR,1734361823,TRANSFER,6RK5cTonngyDbhWJJFpoWggWYBqFGmLZpkv2APRLpiXp,7yRZowUx9HrgqXc5LsqVbpvKB2JdPAx7cTimFpCZ6MmF,258208276654,17.16,6,45jBd1sQWuSr2dbTBgjb168xaA6De78rLVUvQ2Zmpump
2pAMRr5S6yjJtxHA4SupFp1oiifnaHHuR8XVLcea6sFUnyWqxN9cfjqWa8wAWHLq8CRjHzweFNV2SMUHPujLQFgt,1734361823,TRANSFER,4JfeRbcUpKGTkdaxez1JBiCrhBcwzts7gGkK7nn4ZuHS,7yRZowUx9HrgqXc5LsqVbpvKB2JdPAx7cTimFpCZ6MmF,702428596557,46.69,6,45jBd1sQWuSr2dbTBgjb168xaA6De78rLVUvQ2Zmpump
4J7qS97hzREH3dB4TUEuv5HxFyPiSGKaV9waoNv3xVaWBFfSeb28r7BKachd4WPCjGstSDG8C4DRpM1ay8hcXk2e,1734361823,TRANSFER,9zg9eEK8EmpFwg73BafpLXH4M831oEjzYZGoj6JmjcFx,7yRZowUx9HrgqXc5LsqVbpvKB2JdPAx7cTimFpCZ6MmF,498296722447,33.12,6,45jBd1sQWuSr2dbTBgjb168xaA6De78rLVUvQ2Zmpump
63V7q6pNQbiT4iKHc7bdBn5PKnB25fcrdjh8hLG3nHPkmvzNi8X52fJykTwH33bQh5jNQ4Sus98MDv6XYY1afiza,1734361821,TRANSFER,CA9hoVu7wiWXmEkbDWpeWS2U4q9oydwCCR54ifQaWo5c,7yRZowUx9HrgqXc5LsqVbpvKB2JdPAx7cTimFpCZ6MmF,69279944079,4.6046,6,45jBd1sQWuSr2dbTBgjb168xaA6De78rLVUvQ2Zmpump
2csw2ynYYxWXcTtVpdzgbLUTWghoHZMmcjpuNQU3efNQ2YN6e35iaf1YzAtQ5PLzYTi5bP38EcS9KWZdSygrAYUv,1734361820,TRANSFER,HWy88vMyvt22SU4e5EQapBxwWBTXWJTzd8tb2RncxauC,7yRZowUx9HrgqXc5LsqVbpvKB2JdPAx7cTimFpCZ6MmF,412836000000,27.44,6,45jBd1sQWuSr2dbTBgjb168xaA6De78rLVUvQ2Zmpump
2cXw8LJteyHN4bRoNqqW9EtE2Nw3PpC5Wu1eC29YEviUgdmfd9uZK6QiWbQGeCQyhoQFbfXUjGpUNnkUSCvNTsAz,1734361816,TRANSFER,92b5oaZvg6wcFqTNnuCFdcCPoWRB9KZTd1a6NbFXNpi1,7yRZowUx9HrgqXc5LsqVbpvKB2JdPAx7cTimFpCZ6MmF,268208272345,17.83,6,45jBd1sQWuSr2dbTBgjb168xaA6De78rLVUvQ2Zmpump
3dUC3K4DG9SCKm7qBgRQ2mtgamedc3p1Ljq8MxPgVVVexP9fUKK5cpsc8QoGEgK94DLhRdfKcZ9fHNWor8sM6TXH,1734361816,TRANSFER,J1RcxQxhLCZMvw5YUhNRQuLX1VMv1KAY16U1YUdFWZzM,7yRZowUx9HrgqXc5LsqVbpvKB2JdPAx7cTimFpCZ6MmF,233167223636,15.5,6,45jBd1sQWuSr2dbTBgjb168xaA6De78rLVUvQ2Zmpump
5BQKQnvz5einW1jMvY1ha3guJjK58QMhU3s7siy4yUkEbqcfE92GL85eYpvFcz7Q44QsrQU5VApeJ332T7ktLAUc,1734361813,TRANSFER,HhvthkZfoe64Hym6Mh11XzGXFGCjrxMmogQgKeHSGSWY,7yRZowUx9HrgqXc5LsqVbpvKB2JdPAx7cTimFpCZ6MmF,9843933053270,654.27,6,45jBd1sQWuSr2dbTBgjb168xaA6De78rLVUvQ2Zmpump
oCVNyuY6bSXdEZAvemHfh2q8f57qCtsNGNiKCMxqMNxULrU5kQDFsGg96bp3kAXAppp677HrFR3XsDG1obkeWD3,1734361813,TRANSFER,66jB6kAPHRhu3HJ2MmMgnxKdLmhbqhE6E5yCyKa6DGW1,7yRZowUx9HrgqXc5LsqVbpvKB2JdPAx7cTimFpCZ6MmF,223833825004,14.88,6,45jBd1sQWuSr2dbTBgjb168xaA6De78rLVUvQ2Zmpump
2cGoKmAJgdBSwCuGZ9EwSKDzhn6pV5X2nhRjFDdf757JbcGzvKAVH4RAXCkg5a8kcGwAqbbrxQYvVtYYQe16yQum,1734361813,TRANSFER,4z4cYJTn4GwQ3twYn6PDwP4AKoiWCsGER2jxANTAgRwA,7yRZowUx9HrgqXc5LsqVbpvKB2JdPAx7cTimFpCZ6MmF,5770857375307,383.55,6,45jBd1sQWuSr2dbTBgjb168xaA6De78rLVUvQ2Zmpump
V5oZCpVfbLCSmni5esnHJNk3ejG6bRkpXHNeqySgdhY3YMSqEhUMMjqF5oLTMNFh5yvy763kvned4yHathrj4fT,1734361813,TRANSFER,4zJxbioEktUfVcvZBJWb5vEzpoY5xp13mrWrD7qGLWV5,7yRZowUx9HrgqXc5LsqVbpvKB2JdPAx7cTimFpCZ6MmF,11071312052440,735.84,6,45jBd1sQWuSr2dbTBgjb168xaA6De78rLVUvQ2Zmpump
3hWMJ6NuRwQF6GejVJtkWqqkW7BEYZaXZvLtkFtfeYbe8gfFzFvY76JP5v7H1YsjuJnFtJ8dJ7YiSyxYXNDdtASc,1734361813,TRANSFER,3jRTHJ6jKvq8huhvySZJSgBeQpdCUpUvAL9bhzXWBcRT,7yRZowUx9HrgqXc5LsqVbpvKB2JdPAx7cTimFpCZ6MmF,4900373206785,325.7,6,45jBd1sQWuSr2dbTBgjb168xaA6De78rLVUvQ2Zmpump
5RHfqVmK7P8kyJQgW1j2abXwkdb5tbRAKRutVUidzf7LTiUUbf4xpFjtY77GtU6tR1mmcmxJrooKTaMMfwqSJzi4,1734361807,TRANSFER,GRexvY1Q4unZSmDGNbyxWsghUwd4eArAzNKdrNUmYjvK,7yRZowUx9HrgqXc5LsqVbpvKB2JdPAx7cTimFpCZ6MmF,3105149427762,206.38,6,45jBd1sQWuSr2dbTBgjb168xaA6De78rLVUvQ2Zmpump
2xM3WoFkUKwz7gBZotL9dxkFTprPqsy2TDvqFp8pF52qy7U389mLX8VAYvonDiBiFbJuowUByZwLmpMntff5Pvd3,1734361806,TRANSFER,7am2YUJR7M6ps3ym9dtLRi5TiT9c5Jos9XF5UhoszikQ,7yRZowUx9HrgqXc5LsqVbpvKB2JdPAx7cTimFpCZ6MmF,8105565425525,538.73,6,45jBd1sQWuSr2dbTBgjb168xaA6De78rLVUvQ2Zmpump
2Qdc66nXL4UWduU5LxD9DwkxjgbnQqcRmyebNJ41ZqCuPMFcVRRHmARAb5BoB6ainco6zRfNhQCaWhBvMpgRn1iG,1734361806,TRANSFER,3ZsK3no2tvMFAYwJRXA5QEeQXdpDJXFAh6F45tvFxGFk,7yRZowUx9HrgqXc5LsqVbpvKB2JdPAx7cTimFpCZ6MmF,484437274450,32.2,6,45jBd1sQWuSr2dbTBgjb168xaA6De78rLVUvQ2Zmpump
388P6V4zLZ7r2HRJFQVozk6WpuPhpPTkhhP2yqWDRJ6T3Y6Dn3treDm1hN6yT3HVAMqBqFDzW4pJepuJa61ehEpy,1734361806,TRANSFER,HN1gVZSbR4XFD5NQ2FDHgrcW7XPFjtbvYf6k1zNnD7oN,7yRZowUx9HrgqXc5LsqVbpvKB2JdPAx7cTimFpCZ6MmF,6232402969765,414.23,6,45jBd1sQWuSr2dbTBgjb168xaA6De78rLVUvQ2Zmpump
2u4wpvoUgKSzpwekT4eUw1477NFjaJ7m3HuY12ZJ6YXh4TjjgtLiFLt8Qt2nnGTzF6KxiTUE1eAnRjGGAs4QScJ7,1734361806,TRANSFER,Gt6YKr6T8DaUgbYB7vGkUvcrNUkpFzKfhAr7XSwSejND,7yRZowUx9HrgqXc5LsqVbpvKB2JdPAx7cTimFpCZ6MmF,10411739600482,692.01,6,45jBd1sQWuSr2dbTBgjb168xaA6De78rLVUvQ2Zmpump
416gArzHECLATimiynAt2znHeU6wHhfrAaCr6RC8ki24a37mSpwF13AfxWT7JUvMEVZk6hBMipJyRm586U2rH2z,1734361806,TRANSFER,FtrQcL2XDSsFypvAfjnUh2kDkLu2drbx3ETSMiizAktM,7yRZowUx9HrgqXc5LsqVbpvKB2JdPAx7cTimFpCZ6MmF,5384046044051,357.85,6,45jBd1sQWuSr2dbTBgjb168xaA6De78rLVUvQ2Zmpump
3mkpYUnzjr4gt4pQtqjUKNMmVzSuT9Av68kDxrJfiXPJgStiAaXZ95s3C3DTouXfBn3BLYPWvZ9eAsCJvYUFpoAm,1734361803,TRANSFER,Q4PMsdmJbLSvosqZHmjjc65Rf54wiF1pBkuvnE9Rp5b,7yRZowUx9HrgqXc5LsqVbpvKB2JdPAx7cTimFpCZ6MmF,455102918644,30.25,6,45jBd1sQWuSr2dbTBgjb168xaA6De78rLVUvQ2Zmpump
UPqKNPLNKn2fpS83Bc9mzPrdQkhjyEuXVYVPJctbzLz7H8JZ1K2HvWcydpxHxDi89fgiAg9PkzaTZK9x4cqfPXK,1734361802,TRANSFER,r8w68cxRkRrr1KAPm6Txt1T4eMXFiMidWP3C63gMWuU,7yRZowUx9HrgqXc5LsqVbpvKB2JdPAx7cTimFpCZ6MmF,301773161074,20.06,6,45jBd1sQWuSr2dbTBgjb168xaA6De78rLVUvQ2Zmpump
4EJdNS68nBVBf64onBvDrGMqRCR8FJnob47LvQEQPR7oy36w347SnpF7q851LMx3piQJpLUrVSk6UwbmE5mqfNYT,1734361798,TRANSFER,7q6t7xB9afzMiTLgh5MSxWjynYMvbiGqx1zKDVcdLQUa,7yRZowUx9HrgqXc5LsqVbpvKB2JdPAx7cTimFpCZ6MmF,0,0,6,45jBd1sQWuSr2dbTBgjb168xaA6De78rLVUvQ2Zmpump
2vWT5dCK1HMFiP8Jfc98hfotLL8V4Pc333Kxgj9jmr22AfW7T9YMZ7TisoNN8Mubzd7vSDWfTbwS6AuTt5reet8N,1734361794,TRANSFER,Ai2NnxZNWC6m5jxGXMg4Z61GDbWKwhc7wqWKEmb71nZy,7yRZowUx9HrgqXc5LsqVbpvKB2JdPAx7cTimFpCZ6MmF,213018177965,14.16,6,45jBd1sQWuSr2dbTBgjb168xaA6De78rLVUvQ2Zmpump
22a1Sn55o4zvBQPkF8FEWRZDi745FQMuenKaZTe4yqeByzm954KkFEvNd1DzqzH1HMM6duYeB4Zu9jw3JocT6dy5,1734361794,TRANSFER,Dk5qvBMBq5EEYXk7ZQt8Bh4qhfU9AHyb5QJisimkrtv6,7yRZowUx9HrgqXc5LsqVbpvKB2JdPAx7cTimFpCZ6MmF,535301094383,35.58,6,45jBd1sQWuSr2dbTBgjb168xaA6De78rLVUvQ2Zmpump
5WbUyAJDajsjfnvnW12EM5xtGoxW3JQX29RTLvycUvmdFvx5aJv5fPY9dLdnTwUtKuAJYHVjErHdGp1TwN4JgtMK,1734361793,TRANSFER,BhTLrF34X9bfWp7icUCisSwd2kU5Pj45wQn1F6vKi23q,7yRZowUx9HrgqXc5LsqVbpvKB2JdPAx7cTimFpCZ6MmF,317708000000,21.12,6,45jBd1sQWuSr2dbTBgjb168xaA6De78rLVUvQ2Zmpump
28NQfhGFntXSNSv3QAeo57c7tjNQ4i3LkRMr8zyCpYsBwhLCGQDoSWffAcmHwghB2tMSom4RH72PmAhaDqB14mhG,1734361791,TRANSFER,7q6t7xB9afzMiTLgh5MSxWjynYMvbiGqx1zKDVcdLQUa,7yRZowUx9HrgqXc5LsqVbpvKB2JdPAx7cTimFpCZ6MmF,597027000000,39.68,6,45jBd1sQWuSr2dbTBgjb168xaA6De78rLVUvQ2Zmpump
5chhbEkn4W48eQsLQeqE2Yow8f8Ay4iaKyoFsFtz61XND9CoYvKdL8W7ZsAFLJVKsqBy2LrE2kjxv4nt9e3ADbnU,1734361791,TRANSFER,AUZVdzJytwEdzxnAtxLMUSkbd8RhWgsnLo8SUfFT8MtQ,7yRZowUx9HrgqXc5LsqVbpvKB2JdPAx7cTimFpCZ6MmF,447367910022,29.73,6,45jBd1sQWuSr2dbTBgjb168xaA6De78rLVUvQ2Zmpump
9gSrn1RDdBrjSPxsQMD74DmJc28VR7k9ygaChocbT1Kk46ffKhLNFM4SXVTkuSaHZmamUMSJ3qz4A1sdUmKAYXY,1734361791,TRANSFER,7uyLdMnf9My2dJN6MfwT9ntT6foHzZ2nbLw2WvyGCDYz,7yRZowUx9HrgqXc5LsqVbpvKB2JdPAx7cTimFpCZ6MmF,671657383978,44.64,6,45jBd1sQWuSr2dbTBgjb168xaA6De78rLVUvQ2Zmpump
4SowHeqdRZaX3tFPR94Untbzz8pV7DUeKzS1asGLexiT7g8DKY91PJjo6UfuXhnyZjCPyjsC5gBnrMRJzHBRjKfR,1734361787,TRANSFER,4TFKMtS7iMfg6s9WnYB5xKbE4bNvRzVW9Ea6rK7wr8uQ,7yRZowUx9HrgqXc5LsqVbpvKB2JdPAx7cTimFpCZ6MmF,2379230502877,158.13,6,45jBd1sQWuSr2dbTBgjb168xaA6De78rLVUvQ2Zmpump
NRiwrZPvT9gMiohcf2QbuNeWNkAQToLEm5Ed8NMYAnpbqiFP436A6NQT5EJXw7zt2YkMZN7Q5XPKF5BJaED3Ncy,1734361787,TRANSFER,ApYHdbpmVuc7529VRc4Tsi2aVbZQnyw817zU1mo1cn9W,7yRZowUx9HrgqXc5LsqVbpvKB2JdPAx7cTimFpCZ6MmF,4502640179379,299.26,6,45jBd1sQWuSr2dbTBgjb168xaA6De78rLVUvQ2Zmpump
3wxeA2Cop44qZdn1dezsh5gu44gfYU2zEStTxMmaurNTurZhtHgpofnWWfpVVaugoS33KkyHiwmQ72NwTFVRJv7Q,1734361787,TRANSFER,Go3xkZY6QgRVdHWphokkJNBVM9c7T8SCLBPbEP9YLHHU,7yRZowUx9HrgqXc5LsqVbpvKB2JdPAx7cTimFpCZ6MmF,469128370450,31.18,6,45jBd1sQWuSr2dbTBgjb168xaA6De78rLVUvQ2Zmpump
4YvwJAwMEEtpSMWqJk2M3o79cgG4XUk6UMvj6Xuu95YAR4rHJSKqhHC5Zi6jpgkcQGpxTDGj9oikKnBc47bLB1ER,1734361785,TRANSFER,6hzrzmRtqVUqs9zH3zPLCUzLtoTTM6amUieg1L6LxDQi,7yRZowUx9HrgqXc5LsqVbpvKB2JdPAx7cTimFpCZ6MmF,4802494079267,319.19,6,45jBd1sQWuSr2dbTBgjb168xaA6De78rLVUvQ2Zmpump
5ksR6LtPnDJzkPmGKaYge2jPMYfkP1rHBauGwgk3jofnQSQNYspLax9S7KuYYnE65dLEXca7awZ83XCqReEBQcGS,1734361785,TRANSFER,7Kv4tP26CnLm3X355zw7nvxZ3KgxUCiaQR9sNDqqPBhy,7yRZowUx9HrgqXc5LsqVbpvKB2JdPAx7cTimFpCZ6MmF,1509123327514,100.3,6,45jBd1sQWuSr2dbTBgjb168xaA6De78rLVUvQ2Zmpump
YU6WBMGRSipWSATc5jhCrX35F3dxfVuxXoe3Q7ZoxoSdpccNXZYLXqPf8JrHeqTKSog3vRs6esHLTcZsePrd26M,1734361784,TRANSFER,5Ya4gLmj8ehhQyw3LtWzEb29LfTDqJf1JkCKMFhGPUhK,7yRZowUx9HrgqXc5LsqVbpvKB2JdPAx7cTimFpCZ6MmF,3033237110354,201.6,6,45jBd1sQWuSr2dbTBgjb168xaA6De78rLVUvQ2Zmpump
4dFHvuy3pis8PpniW6tYMWtPwgrzPYqAhFP9BdK8z4yD2WuBPgMYauBkHje8zrd4smEPtGZnYDF2HpY1gqqgoMvK,1734361784,TRANSFER,5PWNouDguLDV7BP671E3kAUVCS4f9KdN2agD4mpLuXiS,7yRZowUx9HrgqXc5LsqVbpvKB2JdPAx7cTimFpCZ6MmF,3463218260929,230.18,6,45jBd1sQWuSr2dbTBgjb168xaA6De78rLVUvQ2Zmpump
2U3ymf8SaC9dWuRQ4aLXvmUeYFLXCcWXsFhNAbKeS9CpWjy3P6SNALAv7dZd74oQ8tYqFHbY6CXfD8vBp7KetRPY,1734361784,TRANSFER,GvNfgZ9CmPjbDfU5zHZ7SWeVpndQCqxWtESmPyVGqUbv,7yRZowUx9HrgqXc5LsqVbpvKB2JdPAx7cTimFpCZ6MmF,488161740885,32.45,6,45jBd1sQWuSr2dbTBgjb168xaA6De78rLVUvQ2Zmpump
2XC77iQ87zMuh2CVUVPwfs3dAymYzmWksctdZ2KtCWUyb3JH47PYzL7wHMSxxcdL66MnJq6zvVRZNBMD73rVCaSU,1734361784,TRANSFER,GQameG37hN3r9WbycVjmCUPMMUGqv1vMitJqLR5ENgH3,7yRZowUx9HrgqXc5LsqVbpvKB2JdPAx7cTimFpCZ6MmF,471433198566,31.33,6,45jBd1sQWuSr2dbTBgjb168xaA6De78rLVUvQ2Zmpump
578uzhPTwTF3EasS5ZbvigurLUAYNXHB6KUDdoyoGbFpL25bDheXRv4YTTeKrtjwyMBygXHEBo9bvvpS36HWRvyL,1734361784,TRANSFER,9diFzT4MDnLVpVqbZowSqgX4StZx7raLQYTCvYpnpBUk,7yRZowUx9HrgqXc5LsqVbpvKB2JdPAx7cTimFpCZ6MmF,797380109737,53,6,45jBd1sQWuSr2dbTBgjb168xaA6De78rLVUvQ2Zmpump
62FPMnuf9eoGAJroycrWsSgtgovTH9v8xHYHZfXRAP4NMTkXVDKGzBj8FSFrVikzUr9XKkAMTF9CM3ikj8rjhDzm,1734361782,TRANSFER,DbuAhu5nZhUAv3hqdbBqh8mMFyEiqXrj1FewczM1kZoe,7yRZowUx9HrgqXc5LsqVbpvKB2JdPAx7cTimFpCZ6MmF,43318390483,2.8791,6,45jBd1sQWuSr2dbTBgjb168xaA6De78rLVUvQ2Zmpump
3LCzA4naptE8N4GRs3UFTVcoMuyuHaJaCkxPp7ZR4dEWBnmBcTvRsNv8ePedQvTud3oKcVr5Dyg5JCcRPGtrNDdy,1734361782,TRANSFER,E9zCVbgyhfyQSaRXpJJuiGUJiaxEnj5kERaBfM4ivSHg,7yRZowUx9HrgqXc5LsqVbpvKB2JdPAx7cTimFpCZ6MmF,380511736853,25.29,6,45jBd1sQWuSr2dbTBgjb168xaA6De78rLVUvQ2Zmpump
h1ezURCJ3m92nvPJYecWSZQGdGBCFA2SMZEFxfC8nUe3GiATiCgbgpnsXRK79FMPspZzAqnJDifMmcKX5yVsLWt,1734361781,TRANSFER,3jLcM9wpra9Pc9qDQJumWgLMaMPjDxBUb5QFE9Ykprmc,7yRZowUx9HrgqXc5LsqVbpvKB2JdPAx7cTimFpCZ6MmF,382886934757,25.45,6,45jBd1sQWuSr2dbTBgjb168xaA6De78rLVUvQ2Zmpump
2D9da659N37jLZPFyhQQGmXcbunXrSj5pNoU1ZDzRk4MUQP5RcNVYHNT4rqX32eHH2cic74KHKFiBQ3HLDwZ65R4,1734361781,TRANSFER,GQYQLcyRpxYcYnkL74Yp63B3zV93NLpVkPrNxJ1fVULG,7yRZowUx9HrgqXc5LsqVbpvKB2JdPAx7cTimFpCZ6MmF,531725807213,35.34,6,45jBd1sQWuSr2dbTBgjb168xaA6De78rLVUvQ2Zmpump
4BUWnACZR7NyCzP4AW7avWhNV4VBfrTFfeDd671zANQnNWTdfskfo1iVSF6TtZUJ6dLAvZVJNa9udGzNx6Vi8tNx,1734361781,TRANSFER,FoA7Lcv3PMhj9agYfT9dHEJB86Q87TWAmEabwKPvoN63,7yRZowUx9HrgqXc5LsqVbpvKB2JdPAx7cTimFpCZ6MmF,498431626337,33.13,6,45jBd1sQWuSr2dbTBgjb168xaA6De78rLVUvQ2Zmpump
2vTyqEraXAsLKfqKGM6hm1LBihhz6FwkrvkZ1BRQCeJUM3ULSMhb3V38z5Q2XjStanWd2yQu4YkESZrkL2yPkQc6,1734361781,TRANSFER,46cMZpWT2A9r7o7p7k8EMBPhUYoxg47TWJYZc2eDfY7f,7yRZowUx9HrgqXc5LsqVbpvKB2JdPAx7cTimFpCZ6MmF,812964463100,54.03,6,45jBd1sQWuSr2dbTBgjb168xaA6De78rLVUvQ2Zmpump
5t4iyrZnoDHdrZmzyoqp1Pa87rKKEjXNURbvXdKQMf2KXDV6cit7cjaiaf5cvcwH1nHeSAotgxvXBnmHuKZaB9kF,1734361780,TRANSFER,BeamytFR1J9MhVNynj8BrRBh1HP9QxdK4WyX8oYttQmb,7yRZowUx9HrgqXc5LsqVbpvKB2JdPAx7cTimFpCZ6MmF,711866701255,47.31,6,45jBd1sQWuSr2dbTBgjb168xaA6De78rLVUvQ2Zmpump
5Cgc2qAW8mEoFHPKJ9ELwvk5NMjVTtabFrqRqTpQGV6C6vPtLWxnXQMgEAorZG77QGtUxjVFgXWy86hPc5pRiYkj,1734361780,TRANSFER,CmWGb99PKUPHUcNSGPHtESWhqwezu4ddnNPh98N4hwD6,7yRZowUx9HrgqXc5LsqVbpvKB2JdPAx7cTimFpCZ6MmF,457689163282,30.42,6,45jBd1sQWuSr2dbTBgjb168xaA6De78rLVUvQ2Zmpump
5QU7XokLgKEXRV8cbz9bYfQc1jaHq9iReK1uJLRZmT3Z8UiGpKyW3mjuRCBnLpnWm29Hs36E9N2rYQtqj9TttEbU,1734361780,TRANSFER,EQH767PzmMi9YncZEHjo83fywRRScRyPn7PxbciBBjt,7yRZowUx9HrgqXc5LsqVbpvKB2JdPAx7cTimFpCZ6MmF,443836859467,29.5,6,45jBd1sQWuSr2dbTBgjb168xaA6De78rLVUvQ2Zmpump
5CC5Xx2YxBqd7Ai5BBJLGirJFpM1ShfYwGVWtNhGYgffugWj92JTFhts8RjYm4dvduZmGQXaZZTdNbUXyYQAEFZJ,1734361780,TRANSFER,29Vcenrhxkist6DjqYAhneXCJ6ecCSXgVQeH7JVYYrev,7yRZowUx9HrgqXc5LsqVbpvKB2JdPAx7cTimFpCZ6MmF,389068215798,25.86,6,45jBd1sQWuSr2dbTBgjb168xaA6De78rLVUvQ2Zmpump
2iwyhg9e4Wu8RxsohZpU5eph1Wjscppye7TtoR6jZBycoTjesNoQR6aWR54Zz1wdrQAB5Mqa1BhtAe8Hro4x7bTY,1734361780,TRANSFER,Frn2YXimpXg31CxeLDHtmrpc1k46i8gntJrSWc6CmAJJ,7yRZowUx9HrgqXc5LsqVbpvKB2JdPAx7cTimFpCZ6MmF,405649636420,26.96,6,45jBd1sQWuSr2dbTBgjb168xaA6De78rLVUvQ2Zmpump
5H5p63EzyYYW8387R9rS4nM34qpZvV79FGi3yad5wisFn8Ct3YDUPrEgdtN927rPghdEKaULw51E82pUuEKe5JdE,1734361780,TRANSFER,G3QSNUWrrmgiCiG6WsBUefLRgpkJfxGksNiFcQxnni4X,7yRZowUx9HrgqXc5LsqVbpvKB2JdPAx7cTimFpCZ6MmF,13079036199218,869.28,6,45jBd1sQWuSr2dbTBgjb168xaA6De78rLVUvQ2Zmpump
3zvf5HZR9D2KXPweM5sd3Y5oBrpaLv6KP3mN74wtvLo6S3Q52gPdivas7xFCqPX4P8vC2Lq5QLBxL7Z8KJxXYBQQ,1734361779,TRANSFER,4HmSuXuSn8Nqnysvj2BdBLdyf8rrXcrjgCJaZR1pYG8z,7yRZowUx9HrgqXc5LsqVbpvKB2JdPAx7cTimFpCZ6MmF,495272328312,32.92,6,45jBd1sQWuSr2dbTBgjb168xaA6De78rLVUvQ2Zmpump
pzwUc7aFKr2BusA4F5WcRzx422E7uAXZodoKwabEsXH2aZ6ojnj4Pqs2SvWJMhk2jLU69zZuJbjbLMMu5dH2bGv,1734361779,TRANSFER,Ex5sSPqa8b9ZtPYv1jeyZY6i5EncMkUnbhGYa2s59SmX,7yRZowUx9HrgqXc5LsqVbpvKB2JdPAx7cTimFpCZ6MmF,544059196905,36.16,6,45jBd1sQWuSr2dbTBgjb168xaA6De78rLVUvQ2Zmpump
4KNCkTpZQWk6oPh6KiG3RCKgoMJ77wPgkUiBThF6rTuzPB7jQuyiXNGATKu1zaGV1magTyCmq87avUQZW19vnWr5,1734361778,TRANSFER,BvA3LaAfrAcVyYwHG1S5NktGoCa7Yzn4uJPDb2uECr5d,7yRZowUx9HrgqXc5LsqVbpvKB2JdPAx7cTimFpCZ6MmF,747631905622,49.69,6,45jBd1sQWuSr2dbTBgjb168xaA6De78rLVUvQ2Zmpump
5WgfMcUsPawLkjG5r2wjAtiZ98RcQoGyR1jDyVpKMSdkCzXp41ok2ZmzcPxGxioFVrQg5WcUfKa5omWFfPQJNjDj,1734361778,TRANSFER,GoN2sfBRi7kPDZG9FyBSvniRib4wjuVQLYhV3kmkbadG,7yRZowUx9HrgqXc5LsqVbpvKB2JdPAx7cTimFpCZ6MmF,451506092806,30.01,6,45jBd1sQWuSr2dbTBgjb168xaA6De78rLVUvQ2Zmpump
EsPz6oR8eRVFBHDaQb3qMxasuJyZLwngp1AyzGMDhGKGUA6CArgDw8dn7HfyPAguMijZFNfFraaVb56kvEdrddF,1734361777,TRANSFER,2avCD465uG7HJF8W9xNX2bxxZYBFjiy8CyRAqUBoaQYy,7yRZowUx9HrgqXc5LsqVbpvKB2JdPAx7cTimFpCZ6MmF,664707822525,44.18,6,45jBd1sQWuSr2dbTBgjb168xaA6De78rLVUvQ2Zmpump
qo3mYXRAu9ejeJ1TcczVzDY7vfZ1JVQ7aZqDXb7shjJtqCR7sTL8mdptsetUY5EKW13Zqr7Hu49giP72MVJtApP,1734361777,TRANSFER,ENdncMo1DPb6M1fK9H5djEcB372e92Eopw1JDJ2iFG83,7yRZowUx9HrgqXc5LsqVbpvKB2JdPAx7cTimFpCZ6MmF,6309864526294,419.38,6,45jBd1sQWuSr2dbTBgjb168xaA6De78rLVUvQ2Zmpump
2sq42gvhYbmExPLK4CP4H6E2crrmNXZL63GzRGeooNPcNAmUkEW7trDt6xcgNFSEvoJpcCBvaVSMaXN5gLdwp8M7,1734361777,TRANSFER,3RWAob9ib4ZrqsFTYyNQAvaBjN5DoJyo53ui2bRxGNyp,7yRZowUx9HrgqXc5LsqVbpvKB2JdPAx7cTimFpCZ6MmF,47080083576,3.1291,6,45jBd1sQWuSr2dbTBgjb168xaA6De78rLVUvQ2Zmpump
3Ei9Mm9U5KnoFQrCfLXue4DjCNjZHtq7Q1qi5Yt87vhUstkfgSk7G1fjHUvRvXcBfrYnzAfFjweNZqBsf4ymBBaN,1734361776,TRANSFER,6EqWz3zXugquJrDKpxzTDeEHtoaW1D8uAg1XYrhXojkd,7yRZowUx9HrgqXc5LsqVbpvKB2JdPAx7cTimFpCZ6MmF,334765178321,22.25,6,45jBd1sQWuSr2dbTBgjb168xaA6De78rLVUvQ2Zmpump
5d8u2WuZYTko5ATbVDCb9EkLDJbicvFpZkx1kwwynhxNoFocDNN5UiczmZgnFnyKLp1DHduwrRw2pBncncutsqeg,1734361776,TRANSFER,ARquqde77yMRpRshKRioUPmh29wE18NSNmrKQyBRBTGV,7yRZowUx9HrgqXc5LsqVbpvKB2JdPAx7cTimFpCZ6MmF,349827703762,23.25,6,45jBd1sQWuSr2dbTBgjb168xaA6De78rLVUvQ2Zmpump
xidrTH5PBQMLP9WF1SnMX57vTpLuEeK2ckwR3H6RHVqA3dsJmstorYBq62FCTeMgk57mD2Y65U8qySYmX1TARYW,1734361776,TRANSFER,3TqK7Lm9JKbyrs5SrnFFRGDvKK5aaYjEDs95DZLM5tDT,7yRZowUx9HrgqXc5LsqVbpvKB2JdPAx7cTimFpCZ6MmF,371483593960,24.69,6,45jBd1sQWuSr2dbTBgjb168xaA6De78rLVUvQ2Zmpump
4xkWCoUxhkhAezau86LjDdS8P793zfyFja2UkrzHHhePSWi4hXaPunu4PzBtXrJdqAYw5ESeRGaiXi9F73ZGTsst,1734361776,TRANSFER,9VtFEauaQPtVWqWTDcJSUtvHKGq43u1UumHSk2pszUxF,7yRZowUx9HrgqXc5LsqVbpvKB2JdPAx7cTimFpCZ6MmF,413922370447,27.51,6,45jBd1sQWuSr2dbTBgjb168xaA6De78rLVUvQ2Zmpump
3gvGfgdMwws2cuPWh6KTrprHt5dYQxVMUWwqX7Hp3kv8pyZ7o6qxAcYvDe4T57oFjqBWNjCa6Qr9Rg9tE1mxussZ,1734361776,TRANSFER,8dPSYaqi4T7ocJN9UDFs9YjZQky7CjAE4FSLNT5mbhUV,7yRZowUx9HrgqXc5LsqVbpvKB2JdPAx7cTimFpCZ6MmF,364947910220,24.26,6,45jBd1sQWuSr2dbTBgjb168xaA6De78rLVUvQ2Zmpump
4ioETxmp4wKiMyZaqtPMmA5fyb65QAwRVDLDp896WyPugvzLw2aD9NAMDJis3EiPCYHhLGq6tkRZcuVi1LvbHjCe,1734361776,TRANSFER,A8gYtPyLimqdZkLmvYGdPVHFjgwEWfGM28fCQtiAK2eR,7yRZowUx9HrgqXc5LsqVbpvKB2JdPAx7cTimFpCZ6MmF,364903772784,24.25,6,45jBd1sQWuSr2dbTBgjb168xaA6De78rLVUvQ2Zmpump
2exywjBehgELCfQa128bpRURaFVDnrrLRF8qEecEkgZBYBKSxWypxKoGWEfvNTLNDJ31Sxf36QzkKYMBWNxyD1aD,1734361767,TRANSFER,DcPXg4mDdGAdWWk5YVQLtcYXscpeR78KxCXudxKwhrjk,7yRZowUx9HrgqXc5LsqVbpvKB2JdPAx7cTimFpCZ6MmF,557330632235,37.04,6,45jBd1sQWuSr2dbTBgjb168xaA6De78rLVUvQ2Zmpump
VSSz6dz8ER2EpVNQXp7LH2n41sXTiGhpT4fyHKinaHC8Ap93pkz5CPEXFbzfPJkxUmkmzRhKduRrDmTwWVGhKep,1734361764,TRANSFER,8L9a4HPF21eei1fRXGG5MH1TRoFbamWpigepfeifKeRj,7yRZowUx9HrgqXc5LsqVbpvKB2JdPAx7cTimFpCZ6MmF,561203356689,37.3,6,45jBd1sQWuSr2dbTBgjb168xaA6De78rLVUvQ2Zmpump
8T5PG7KJXa3FV8vRhBsVz9QpTB5dyJ5R8zaF38a74eVmanb3HDzzYrX2naDBG4BpFtsfG63iHqnew9mxYodpPnX,1734361764,TRANSFER,NWZH8EPAMP1MPBrZqhFdvQSoim3XgqKTJGM7b7tqWAe,7yRZowUx9HrgqXc5LsqVbpvKB2JdPAx7cTimFpCZ6MmF,471128395031,31.31,6,45jBd1sQWuSr2dbTBgjb168xaA6De78rLVUvQ2Zmpump
3oEmo9jb6nBcqCQSNnuQK7EbdQKMcGCmyGLsU1NsiHkUi5aETR3NNPPDeRFe4fF8gycUwb55cLBpYb1NU9UHZc8f,1734361764,TRANSFER,CBJ1hnQCQyuinerhvLr7MUj9FFexRSYgoFVHqV3mY1QL,7yRZowUx9HrgqXc5LsqVbpvKB2JdPAx7cTimFpCZ6MmF,587848700789,39.07,6,45jBd1sQWuSr2dbTBgjb168xaA6De78rLVUvQ2Zmpump
23TFnxEcPTxTaZmYZHe94devF8iRdY1ko1ngDmDU54jL6c4H7PrpiUmVP9caK3t9wmErJJZmqGnv2nQXsga1E2oJ,1734361764,TRANSFER,3Qp4HUchwec3vF1AfRbq6urYDpma9M1LKHhPfKdX66hJ,7yRZowUx9HrgqXc5LsqVbpvKB2JdPAx7cTimFpCZ6MmF,597915855886,39.74,6,45jBd1sQWuSr2dbTBgjb168xaA6De78rLVUvQ2Zmpump
45VZyswN8hKc1YQk7AwAwbe2u8CdVbHRwUwVo4Xku8ibHqFn6nYsWytiM6vJe3tctc65MUGG4n9fC7N97us2K2k2,1734361764,TRANSFER,7Tw3xzARrkB4d7A6QV4Au6qEbY2JRZocR1QKfomnPW79,7yRZowUx9HrgqXc5LsqVbpvKB2JdPAx7cTimFpCZ6MmF,659893425332,43.86,6,45jBd1sQWuSr2dbTBgjb168xaA6De78rLVUvQ2Zmpump
2aRA2Uouh1EeCK59SoAwsNXvPWSyaWMuFkPANACQfuv2buSh34acsCHWZBekijbXSRK4RrkQsCnK1GnzswqHvuJJ,1734361763,TRANSFER,HiuKnRSKTdwPTWwW6GN1ZYjCV9YX3Ef5gzxuRvinAKuL,7yRZowUx9HrgqXc5LsqVbpvKB2JdPAx7cTimFpCZ6MmF,607399226659,40.37,6,45jBd1sQWuSr2dbTBgjb168xaA6De78rLVUvQ2Zmpump
4XTgxT7rsndmHaLEuVHnFxzubjFu4LRj7dUwRhdcj6Sq5GZZMLeeGHAhc1Brm7jj8Dgt3PrHJ6TMViP2XdVLuF6X,1734361763,TRANSFER,71xej9fJeCT4RqbCMSD5uo3c6HuDSeduWcD5GBKM8YKJ,7yRZowUx9HrgqXc5LsqVbpvKB2JdPAx7cTimFpCZ6MmF,477448869715,31.73,6,45jBd1sQWuSr2dbTBgjb168xaA6De78rLVUvQ2Zmpump
42T5pqT3THj1aqZ8F1cFwagAJwwpNJiEQfgQxYAKaHY4gzzi9LgrbqCt4nAYabbqEeerJAuLD2EPtL1zpPYUCdr,1734361763,TRANSFER,S3TedezkY7c1844Mvjb6Nab2ssB8moQXaseo2vMeCrh,7yRZowUx9HrgqXc5LsqVbpvKB2JdPAx7cTimFpCZ6MmF,656757112538,43.65,6,45jBd1sQWuSr2dbTBgjb168xaA6De78rLVUvQ2Zmpump
DdEMgFmdxxUiLwyzzSrURtUD8WqAUbyMP18nqqswsrwwEZHBau7i3pRmxYHSCSriXvts4spJH36BoFf8h8SQe8o,1734361757,TRANSFER,oa5APmrMDJcqWZZDSwqeYLKj8t7CPAAp4jwQu56a9sJ,7yRZowUx9HrgqXc5LsqVbpvKB2JdPAx7cTimFpCZ6MmF,571430601425,37.98,6,45jBd1sQWuSr2dbTBgjb168xaA6De78rLVUvQ2Zmpump
2D5VTXPubJBkzskwh5hGUWyrUj7y5cgbM2KxexC37SVXJPe4sVDPMjJaVbPgkBMTLjJysVy5y5Ps5KGmKMHoWeVL,1734361757,TRANSFER,FYhhTf3GPyXYz1p6qQjfWDRB6iRB9id47zTHbAzXYjnc,7yRZowUx9HrgqXc5LsqVbpvKB2JdPAx7cTimFpCZ6MmF,7099704916772,471.87,6,45jBd1sQWuSr2dbTBgjb168xaA6De78rLVUvQ2Zmpump
2S9wRfzHzBtNdJGmPtMvrsVDX9d6MHPikZUNQAVYD3nPP8eratoHGZGdEeKHbeXezZmoZskdLMDAFJLKsWo6geQv,1734361757,TRANSFER,BEitZqJkcx7HscV6gcM5yH9STQediLeWXLbPN5K14D29,7yRZowUx9HrgqXc5LsqVbpvKB2JdPAx7cTimFpCZ6MmF,768800333489,51.1,6,45jBd1sQWuSr2dbTBgjb168xaA6De78rLVUvQ2Zmpump
3CsjPiqRRSoC6cJhWXnjzdfFhnjhq7zJS5RH5yUr4M45HzhJVW7kJWJdhthCpd4GjFghSPq3396jcMvdFYQCxbNQ,1734361757,TRANSFER,BXmosXVWsXZ3pLGhgggWLfKMun6icpvXMTMpe3NB4u2t,7yRZowUx9HrgqXc5LsqVbpvKB2JdPAx7cTimFpCZ6MmF,764174783155,50.79,6,45jBd1sQWuSr2dbTBgjb168xaA6De78rLVUvQ2Zmpump
2hAoAoVdKujTbAKpDngG99znCaKYP8rMsfdiU7cove8gkZhqJGKrfiKPt4iX4ZtVZtKknNDdJgHMaFi1ynGWrF5Q,1734361750,TRANSFER,FkeU85nE4j4seZxW7S45jF5MsNd1aTUMENPy2n1EVotp,7yRZowUx9HrgqXc5LsqVbpvKB2JdPAx7cTimFpCZ6MmF,678311806609,45.08,6,45jBd1sQWuSr2dbTBgjb168xaA6De78rLVUvQ2Zmpump
2o2EkWvxHWaG3eXpZK6o11rsofLKPwJ5WCG8oVgsbf7wQBT3tuvtpBHR8UMzukubb7RmdszXjFGRJznTWn8AjZQE,1734361750,TRANSFER,7ksoHTYYiS3UufbJHAaEaoLovXZTB5oeH7Z87J7qLFtx,7yRZowUx9HrgqXc5LsqVbpvKB2JdPAx7cTimFpCZ6MmF,6082363983182,404.26,6,45jBd1sQWuSr2dbTBgjb168xaA6De78rLVUvQ2Zmpump
22X9J3SgnRGnWbjjW7ZkjMgrd4DcWE7gmZ3fKXnfnfri2sGJAfaQa1ie3LE2Y9ipXdpp8GTxadZj9QPpDW5VAotM,1734361749,TRANSFER,35TRpv1rHyaaR7kFVvu7kiUYd3QL6Jpej2Ru8RKQK8hJ,7yRZowUx9HrgqXc5LsqVbpvKB2JdPAx7cTimFpCZ6MmF,849761784094,56.48,6,45jBd1sQWuSr2dbTBgjb168xaA6De78rLVUvQ2Zmpump
3JAdcde3umHUBAX6omgzcFKP9P25219U7LsXffDqrm5JKjFfsWG846pELetinDRdGFbd5FCWJ94J264AtjwnRdMW,1734361749,TRANSFER,8gdUiTH3MeE5yYceUEw6qSNDASd6BYGrt96cGna7hmoi,7yRZowUx9HrgqXc5LsqVbpvKB2JdPAx7cTimFpCZ6MmF,744907560615,49.51,6,45jBd1sQWuSr2dbTBgjb168xaA6De78rLVUvQ2Zmpump
5oDn94L87DhrtAF5XKucpkT59WPuAVP83xMo6cJ6JvW4PcHwvknWmqxPFMjaG93uf348zQXvdBw2CbhtMKf3yMPY,1734361749,TRANSFER,5KGkxiQpE2s9k5pMdtMPx6jKm478nh4nXrEVgn1zDH5J,7yRZowUx9HrgqXc5LsqVbpvKB2JdPAx7cTimFpCZ6MmF,796506975387,52.94,6,45jBd1sQWuSr2dbTBgjb168xaA6De78rLVUvQ2Zmpump
3NxvNid6sBDahZ2yhBdR3XYQumgdRqRH6iw8LgCtFKCHPNAv7q1TkQE7VcXA99uDcXQaNZikQ2DGqzuBy5picQiR,1734361748,TRANSFER,3iPUYNh7d5scdPxZC7J7mVxKLZRdMKrFMkEYmRzfDUjT,7yRZowUx9HrgqXc5LsqVbpvKB2JdPAx7cTimFpCZ6MmF,1207964000000,80.29,6,45jBd1sQWuSr2dbTBgjb168xaA6De78rLVUvQ2Zmpump
5tVXVPJ8msiijsnHco7UJRpeBKxq8nSKBRUFCnryTV96brpeMurDMcT7MFcvcKjptswcvTGTShu77CQCsXYUp6Zt,1734361743,TRANSFER,2GAADS1NT1EW2pd82d3EgU9wz2fBB2Qa9kZGFaWPF9s5,7yRZowUx9HrgqXc5LsqVbpvKB2JdPAx7cTimFpCZ6MmF,5836227803465,339.55,6,45jBd1sQWuSr2dbTBgjb168xaA6De78rLVUvQ2Zmpump
3ZFaR8bu64WzhMXvUbxGPkpfb1MY3XihrZoJNbLLv3pUoRdcYfNJPMkbuGKQfYy5a5yv36QkrAZS9Bw8UANK1inB,1734361743,TRANSFER,C16WCkKCeJtRoGbf1fPQX5y8jD5PDPUkvJNahc4ZAZMg,7yRZowUx9HrgqXc5LsqVbpvKB2JdPAx7cTimFpCZ6MmF,4013711564797,233.51,6,45jBd1sQWuSr2dbTBgjb168xaA6De78rLVUvQ2Zmpump
5ChF2hRjiRejCqujxW2kKyQ1u9GaiAxpeQokN6qaGv97AYDbbPp62WhgkeAAFWwa5QEf5MVmhAfqgqBqBoVVYnvL,1734361743,TRANSFER,6oYjY47URm3FwFzpbpMJDg7TYmvdfLqYcPYPtwvjjoiH,7yRZowUx9HrgqXc5LsqVbpvKB2JdPAx7cTimFpCZ6MmF,5195053953510,302.24,6,45jBd1sQWuSr2dbTBgjb168xaA6De78rLVUvQ2Zmpump
2vERg61dtVUzayWoybL8WgtHAkZBw1iTGKjEhSDWomibbKcYvzR5UrLqpA1xiW3zjiVYX2prpFsADfKL8cGeE4MV,1734361743,TRANSFER,22FwrGFHcbUNtG1s7X8f8bydDueUDFEtrcBg4UAK9iss,7yRZowUx9HrgqXc5LsqVbpvKB2JdPAx7cTimFpCZ6MmF,2815295877851,163.79,6,45jBd1sQWuSr2dbTBgjb168xaA6De78rLVUvQ2Zmpump
3ozqiVk65tQ1mJzNAgvBcPabZS3abNcbVeDFognPrP3qyY1m7sz8ELBh83Hm5Es7M7ey938FhygzLaK8oezE5rpi,1734361740,TRANSFER,DButpsXmSLTzUnhwBUHVfH2RsqeG8aH4gD28whnjiEj7,7yRZowUx9HrgqXc5LsqVbpvKB2JdPAx7cTimFpCZ6MmF,7910458737228,460.22,6,45jBd1sQWuSr2dbTBgjb168xaA6De78rLVUvQ2Zmpump
2VJ9F9nxNgVczFbP5wTfSSC6SfdAi95gM4umRbfGu8NimxRVSFznrBC54ZziFuJD8MSYhRK7pM5MPchjj63KDnKY,1734361739,TRANSFER,88ZD1DAdZTW6ZGJzqoUZDqUdmA11huNC6hz1Qm3TX1YE,7yRZowUx9HrgqXc5LsqVbpvKB2JdPAx7cTimFpCZ6MmF,10519183949640,612,6,45jBd1sQWuSr2dbTBgjb168xaA6De78rLVUvQ2Zmpump
4QcSVnEf8CBeiqKboq8j1gSS4dKj753NxCcovXJ4TyT6TkLb7oCf5akbMf79FaUbDefhPWbDVRZZ5FBhtwqZ3Pxm,1734361739,TRANSFER,3po2jGfW1d4vc7iFMZrXq9gBQKfxfTatKD6sidkqi6au,7yRZowUx9HrgqXc5LsqVbpvKB2JdPAx7cTimFpCZ6MmF,4026934692802,234.28,6,45jBd1sQWuSr2dbTBgjb168xaA6De78rLVUvQ2Zmpump
5wwvWcMvZqX8GdX5Pq8GdeoRPsfLmjhXmQe1wMjYH4utodituSHcYETSMRiR93oaoio3UuHi16tjp7ufeRYKMoVL,1734361739,TRANSFER,9XerAeWPf5jtZtCqUz451cjrgtQkjDQPznAeg2ZZgbem,7yRZowUx9HrgqXc5LsqVbpvKB2JdPAx7cTimFpCZ6MmF,6017979136429,350.12,6,45jBd1sQWuSr2dbTBgjb168xaA6De78rLVUvQ2Zmpump
5pegLQjb3hzqaMbmdqHMkVNtpAPgvTGoHpegUZzPfUgUg1EhHx8AMCaj6p2nhdCNjk4BordPcuFoNcaRsgyx6ub9,1734361739,TRANSFER,3nDQeVBgkFqiSVdXL2ypzCTmbtu7a2DUFnnsN5DwtNUQ,7yRZowUx9HrgqXc5LsqVbpvKB2JdPAx7cTimFpCZ6MmF,875871357942,50.96,6,45jBd1sQWuSr2dbTBgjb168xaA6De78rLVUvQ2Zmpump
4g9Ka1PsMR4XjboRBWiZUYaLDBvo9pvbufsdtsmc4GP2PixJTERLrsxfo4VbinZHJuYeEyThpykYhFbqUMQzK2MU,1734361739,TRANSFER,66t6tcb5UpJYgbi136sWbitvoZDgBpfqjtuuzCGNLf3y,7yRZowUx9HrgqXc5LsqVbpvKB2JdPAx7cTimFpCZ6MmF,454242210471,26.43,6,45jBd1sQWuSr2dbTBgjb168xaA6De78rLVUvQ2Zmpump
dt5rKunAF2xUcEyZ8BwuLVjKB7QtbfgrwZZV4DoAfmGMjdwKa63EwzeyLjhaSEnTaLSyqT73BS72v8vjLuPjUP9,1734361739,TRANSFER,6YyL7T16mLdXQxHxkaW4mHqSHem1KJEBBJrcnfD6j1qT,7yRZowUx9HrgqXc5LsqVbpvKB2JdPAx7cTimFpCZ6MmF,462659330428,26.92,6,45jBd1sQWuSr2dbTBgjb168xaA6De78rLVUvQ2Zmpump
SjX9fybTjUbZiMq7qeQBctkWuSHhnxuqynhhqTfYjFyXKpBVJ29VyrveNxAL7gyGLfRwSkQYdPVps6iPKPj8t9T,1734361738,TRANSFER,Fpy8VghNQ2YPxvKYdS5HdyXGkNPLwRy7RgpVaGQvaLuC,7yRZowUx9HrgqXc5LsqVbpvKB2JdPAx7cTimFpCZ6MmF,530836791150,30.88,6,45jBd1sQWuSr2dbTBgjb168xaA6De78rLVUvQ2Zmpump
x9Qp2MJQTbbtAB4Fvvhk9ZQqhp6JdbYhTgBNPWKoDSjBmrevGVz7jF1xUNFv2n7pgSuCpMj1P8R3hahJ8fCBUgX,1734361738,TRANSFER,6XSzJHePu31VDFYHSkRVwRSuqQ98JqGkvZGuuzsNJhYB,7yRZowUx9HrgqXc5LsqVbpvKB2JdPAx7cTimFpCZ6MmF,10368788417897,603.25,6,45jBd1sQWuSr2dbTBgjb168xaA6De78rLVUvQ2Zmpump
5uxHhqSb1gZ8araFqTDn4BLe9YDsy7PgZR8QoCypXLjuSoZPZ8GES6oRt1tWjGjMW4nsbfmpFwsF8Wi96htYwTGx,1734361737,TRANSFER,7WS6Kksgs4gJasYXzRHWNZyjSLVjkHPbvdhrStZEsFL3,7yRZowUx9HrgqXc5LsqVbpvKB2JdPAx7cTimFpCZ6MmF,579406134024,33.71,6,45jBd1sQWuSr2dbTBgjb168xaA6De78rLVUvQ2Zmpump
4V7ET9L97DNPMPXqHp1sWi4xL5tUKtPBWo5jZEw8os6YrrA3AoqJp3nVc5w3xstMhVbr6FRzXddKsdVddKuMKnMW,1734361737,TRANSFER,EtwB5L9L4UyLbHURPjh1XCatPYHUVGKdq3Ym1FYwoCxa,7yRZowUx9HrgqXc5LsqVbpvKB2JdPAx7cTimFpCZ6MmF,6431061267607,374.15,6,45jBd1sQWuSr2dbTBgjb168xaA6De78rLVUvQ2Zmpump
2VGvExqK8fsKVhT1cQmTWXv1rmb7vQWS3w54yHzi3zPz7TF5ixwhTvequjv4wDNkWcEL282G96BzCJp55aht4euk,1734361737,TRANSFER,9vMHzA1FXV6aqvPVY3omZuCQZCEAQ8Y4KRUz5XYMamfm,7yRZowUx9HrgqXc5LsqVbpvKB2JdPAx7cTimFpCZ6MmF,2674284436616,155.59,6,45jBd1sQWuSr2dbTBgjb168xaA6De78rLVUvQ2Zmpump
2mjgzjD9VoV9E899vzZyD59VExaNd768bqc5CWrmBcnS6mQ73e3sepF3eBuUaQLMktWG7ZwLRvd8M8oSSaeMdbVg,1734361736,TRANSFER,2L5tmiVsDzXL94FQ5oF8ZgtXyKwkV4THMUsLt12tzAW5,7yRZowUx9HrgqXc5LsqVbpvKB2JdPAx7cTimFpCZ6MmF,547494373587,31.85,6,45jBd1sQWuSr2dbTBgjb168xaA6De78rLVUvQ2Zmpump
4VPzGdmuRz5beHFhkJdZHwhTc9mzL3PVaPBDZ7zKANwQHyEoRL2xYycTzdEJXj3XQJE2VbsPFULsEARcsggqwm6n,1734361736,TRANSFER,QsiG2b1pYbHDKeuK2pRQQRtifxDRYMdvj4x49myfbck,7yRZowUx9HrgqXc5LsqVbpvKB2JdPAx7cTimFpCZ6MmF,4504909560192,262.09,6,45jBd1sQWuSr2dbTBgjb168xaA6De78rLVUvQ2Zmpump
k5FJ4u562KoTNSGddzHnEUeNRb95qP6CPjMuKJi29qxmJzynY4NuvGQKJ53wRRZ7Kz65VspqNT3WXAxM1bfQ7Ny,1734361736,TRANSFER,GjVeZu2moz5omBiYxnN8PrJY1jGRmip4sFz23QuBknNZ,7yRZowUx9HrgqXc5LsqVbpvKB2JdPAx7cTimFpCZ6MmF,3882296180621,225.87,6,45jBd1sQWuSr2dbTBgjb168xaA6De78rLVUvQ2Zmpump
qBBxVH8YH9zQZEnfGxmvyFymHfMzDAoD1YDniLDpRGVzqx26mrh7ED666bBrn7UeZGquUxkm7jJTaWLwe1AmC8r,1734361735,TRANSFER,91hWPwDY4ra7sxctj6Ff1zVzzHdWExHqu6ivcznAPcrz,7yRZowUx9HrgqXc5LsqVbpvKB2JdPAx7cTimFpCZ6MmF,495783457932,28.84,6,45jBd1sQWuSr2dbTBgjb168xaA6De78rLVUvQ2Zmpump
3FqvQKrPWQTEyw7SmMVzjWAMrn7wotLchg8ZZStjQCUpbhWH4hpNTSL7t7pQgBdwhvv8UqzwbeXhcwsJ2P4onuTH,1734361735,TRANSFER,2bWPaMFaUGmgyc2q8rvC7koUTSQiH2Rs9E8gci7NKQSz,7yRZowUx9HrgqXc5LsqVbpvKB2JdPAx7cTimFpCZ6MmF,826421509472,48.08,6,45jBd1sQWuSr2dbTBgjb168xaA6De78rLVUvQ2Zmpump
siQv53BTsRJ39XGDX1TXUP6WBjsXJcUL2Qg7hT6KGmtd1RuVtjhKAvxGzBXbRyYi7TgZHKA7fxmKcchY2LwaThp,1734361735,TRANSFER,FR7ZKzrUfeBfFufTWm6rJWuSfirx3cq6jk7scrMqW88W,7yRZowUx9HrgqXc5LsqVbpvKB2JdPAx7cTimFpCZ6MmF,579757774150,33.73,6,45jBd1sQWuSr2dbTBgjb168xaA6De78rLVUvQ2Zmpump
4SPd74Y9KeEtYuFHeCtJc2YJf1j7PL8LSVnuFVuCAcBjZREfXSn1njsJUi7Pmsehz22hWoW6wDarGsQLXv2LXrnz,1734361735,TRANSFER,Hqu9C8NDTim1reAezku85D5DbeCmFskKduuVQUqhJpfm,7yRZowUx9HrgqXc5LsqVbpvKB2JdPAx7cTimFpCZ6MmF,1959159822043,113.98,6,45jBd1sQWuSr2dbTBgjb168xaA6De78rLVUvQ2Zmpump
tG4CicpdgsMwkzyPiEFHH2ErebS78PchqKNfCEfPJyqvUhJPxv1Hp4m955rvRk88LCxQ5upwpTxD6N5Vyz13aG9,1734361735,TRANSFER,GDxHENmQzSVoMx7Wu13BAQvJxrQsKfZ8tEBXqjtrvrAA,7yRZowUx9HrgqXc5LsqVbpvKB2JdPAx7cTimFpCZ6MmF,557669968919,32.44,6,45jBd1sQWuSr2dbTBgjb168xaA6De78rLVUvQ2Zmpump
2evDWL2BPrjVf9AEALwy9yU3Hx1kaNEjGUGZFcZYL6LMZmoNmCTLbucMZGZqGxVPB9rvk5pLFTDpx1h6U9z2BioV,1734361733,TRANSFER,GygbEwmYobdgofh3943AZgPL1TuXgBpve73uD7ezMjE,7yRZowUx9HrgqXc5LsqVbpvKB2JdPAx7cTimFpCZ6MmF,812782665450,47.29,6,45jBd1sQWuSr2dbTBgjb168xaA6De78rLVUvQ2Zmpump
3CYWSBn4dADaF4oYKZTWzmyEA7VD2MkAGuysqVPTZpyx5ZH8V6hDKLjHXduhWXbfDLc1zsRvJQWXcd2vDGxqWvDz,1734361732,TRANSFER,Dfns6NhXbhvvzChEosy4nQyTQTyMso9v1KD4kdVT5akk,7yRZowUx9HrgqXc5LsqVbpvKB2JdPAx7cTimFpCZ6MmF,604140176320,35.15,6,45jBd1sQWuSr2dbTBgjb168xaA6De78rLVUvQ2Zmpump
2QBNjE6irCmy3cyEz88b8Q93tR1WDdigikiXRsaEpzLkmnwKD8durR2RRd2uPYQGtpGNMfRpKjGpoyoqhBmKjrBm,1734361731,TRANSFER,CngpzjRtHSJJJrZbuj7Ym3hrNiCR7X7D9vVobMRiQKST,7yRZowUx9HrgqXc5LsqVbpvKB2JdPAx7cTimFpCZ6MmF,1571403633505,91.42,6,45jBd1sQWuSr2dbTBgjb168xaA6De78rLVUvQ2Zmpump
5RoBgcNEF29NpvPK3uuePfq3qC8daKj5fSvo1NgdqiRRGYbJiHEe9X4RXn4ncafM1wcLJyd74SqjojYgwjxyKS2K,1734361731,TRANSFER,HEZomtBxfWpPFi82KQfvF2vZzQuW1TDKN2VDUyJXaxoU,7yRZowUx9HrgqXc5LsqVbpvKB2JdPAx7cTimFpCZ6MmF,660477348998,38.43,6,45jBd1sQWuSr2dbTBgjb168xaA6De78rLVUvQ2Zmpump
3E1q4jvArZKhYnQ8PcNEtNjidmbggWxaTTjBJKcbtkcZ4zsi7FMLjpxyr3CCtCug4VAdj2rtp18Tm2HAF1LVjDYW,1734361731,TRANSFER,FsDq3vBWanzTfyH3yKsG449PEEsmKxfuzMyLKLe7cwGd,7yRZowUx9HrgqXc5LsqVbpvKB2JdPAx7cTimFpCZ6MmF,903740059730,52.58,6,45jBd1sQWuSr2dbTBgjb168xaA6De78rLVUvQ2Zmpump
m3uksphF2GVbrNq3kaMkZzoZKNPCk9oofY9imch9LigJG6uDBYSjwejCjmofVCA9kL6w8zg6icFvoSYjUaP62Uz,1734361731,TRANSFER,6UaXmqsgqStxvW8pXix395yfRw3qs5YDmMSfCUx1Tqo3,7yRZowUx9HrgqXc5LsqVbpvKB2JdPAx7cTimFpCZ6MmF,517549471767,30.11,6,45jBd1sQWuSr2dbTBgjb168xaA6De78rLVUvQ2Zmpump
4g1kvumbpL4eJp7v12Rbo8eoSKHamsXXs52ygMqL6JStNZCQL9eMqxuMZX4a9jqzu8YkJCvKG98A7apNYPK1T5Ps,1734361731,TRANSFER,BmJBzzWYTq4ccPdDG7661dRYZSWjVqhFFuaM3EUyQrKP,7yRZowUx9HrgqXc5LsqVbpvKB2JdPAx7cTimFpCZ6MmF,13405181799344,779.9,6,45jBd1sQWuSr2dbTBgjb168xaA6De78rLVUvQ2Zmpump
4Qaxr9738MMUcRWWorMargSvDEwYsxv4dSVUGXxoDTnSfEwAeKrSBcHDb6r2v17mRRwYNR8iw7X9iw5WgXyHxB9s,1734361730,TRANSFER,C72NKf8dtfnwYy5cXPgChJ6zMo53dKhHuXquJSeZZrwx,7yRZowUx9HrgqXc5LsqVbpvKB2JdPAx7cTimFpCZ6MmF,2844541454761,165.49,6,45jBd1sQWuSr2dbTBgjb168xaA6De78rLVUvQ2Zmpump
4cyqL3WpSvtz3Pa4YaY8fthK18tRXZzg9Sjwu12Kqxhv8SnpBKapiWvYnJ2eHYtbCwCHxfnnUVtxSTMyZHPcv1pi,1734361729,TRANSFER,8S2o4iQ3h69HXRm7PaXr5p7YMmcU3Y5AjbdK5KxSMJSm,7yRZowUx9HrgqXc5LsqVbpvKB2JdPAx7cTimFpCZ6MmF,1031646477384,60.02,6,45jBd1sQWuSr2dbTBgjb168xaA6De78rLVUvQ2Zmpump
4qJw6LSkPKYumuqJskc6xDWdqAWq9qRV6iaTuETy8iZXpbY4pUYUrNATyKw3ztbpeRaqPm2CUzrNmC2iZSkMDMJX,1734361729,TRANSFER,43eHwDgLksiLh5WLnV9Db6HvaFR1HtZdy3bKzFm3UC1P,7yRZowUx9HrgqXc5LsqVbpvKB2JdPAx7cTimFpCZ6MmF,6726998240999,391.37,6,45jBd1sQWuSr2dbTBgjb168xaA6De78rLVUvQ2Zmpump
8CN4Bfmu8u74FjKLLoQLtZQDA2ysjR2nJaizku4zdDQNPyUmM2ben9JxYf3c1MC9FTSAjA6NuHZJEq9a7JtECRr,1734361728,TRANSFER,AnXd8xcERBrY4gYpsyAEr5uzxxfY89bzfFxXTgfDHD47,7yRZowUx9HrgqXc5LsqVbpvKB2JdPAx7cTimFpCZ6MmF,700055992995,40.73,6,45jBd1sQWuSr2dbTBgjb168xaA6De78rLVUvQ2Zmpump
4mKMqFNbk1R9VpHxWiiNk9Mjd6xkWiDPE9cZBiWyMPUVzThUBbW8fWF9AzDBx6uDTCcGz7yJthkRnQTrritUQdmH,1734361728,TRANSFER,BUWdFAPUnLwm3YbUtxziaZBs9eQ21jC9jhZGm3mCJqSq,7yRZowUx9HrgqXc5LsqVbpvKB2JdPAx7cTimFpCZ6MmF,2579128807939,150.05,6,45jBd1sQWuSr2dbTBgjb168xaA6De78rLVUvQ2Zmpump
3N1p5bo9YT9p5Z7LzkcAHrQPTiyGReqs2YpxnFAGirRrn21ePNyYnMQAvNS1ToxMd5XXaNXrbY4cw5VW8FmSBV2w,1734361728,TRANSFER,2rFR1SjJkfQYFPyzWLUrq9SmmvEkWTn7vjN4FaoBPHbt,7yRZowUx9HrgqXc5LsqVbpvKB2JdPAx7cTimFpCZ6MmF,532384387343,30.97,6,45jBd1sQWuSr2dbTBgjb168xaA6De78rLVUvQ2Zmpump
2XBZ86H9iQ91LSSoMDVmZPfXusUg6kpNiaSUnz93GdPQ21heDnAdhEjrw2qQ2uEh8cPcdrNNazqfrHaGDKxcy5Cc,1734361727,TRANSFER,2Fc5x4AtjYYkpX3BGSJPYhvY6Cwsp41ht7JFqV3z1ucu,7yRZowUx9HrgqXc5LsqVbpvKB2JdPAx7cTimFpCZ6MmF,896200808660,52.14,6,45jBd1sQWuSr2dbTBgjb168xaA6De78rLVUvQ2Zmpump
2Bvyfu9QeDZ6byS5mBqS112XY3YEQ5t9yV2jmSUi1VEcjrDZSFwTWACMBgpvK4x7rEHsR5BnchXEpjF59UN5WCpk,1734361726,TRANSFER,2z3rcU9fnb81Cn3RFsx7bJedKwBUDmqFNy9AgUfmPU3N,7yRZowUx9HrgqXc5LsqVbpvKB2JdPAx7cTimFpCZ6MmF,2663744919659,154.97,6,45jBd1sQWuSr2dbTBgjb168xaA6De78rLVUvQ2Zmpump
5GoAYkYccqxvbTiu1Cwtmwmapme5RAsotWUgwW7KDZcHVf9aevyTH7i9uuV7CXjRa9FehRANEm8cfmonHkw5sKJL,1734361726,TRANSFER,EFM8bfEG19qnMGrfAikVkTvCZ9x7KEky3nRNeDjeyrua,7yRZowUx9HrgqXc5LsqVbpvKB2JdPAx7cTimFpCZ6MmF,2591073722741,150.75,6,45jBd1sQWuSr2dbTBgjb168xaA6De78rLVUvQ2Zmpump
LXJposFEELyGWRPLvEjSx65xSJ65BxpDzTNFvyqdoMEh823aC8uo3xdKaqJv5PvZcmN5BoPmK8qVcEZ4qNv4r8h,1734361726,TRANSFER,6wP3PUE8ohvedhEMvzibWBrYoaWj12Kb5ygT8NjUGHMT,7yRZowUx9HrgqXc5LsqVbpvKB2JdPAx7cTimFpCZ6MmF,2947206642970,171.47,6,45jBd1sQWuSr2dbTBgjb168xaA6De78rLVUvQ2Zmpump
48Cuos7FrHXRRdNdz5ZqcDnaYb2oHxj44tK8zkPSiq6dtSnGxdzdiRYwrVJtvjr6RotScuDSnACEdYbcdNgpBRen,1734361726,TRANSFER,77NZUzs2WPKw6CdiqVeit436WwVSfvxDCJR5a93F3DBc,7yRZowUx9HrgqXc5LsqVbpvKB2JdPAx7cTimFpCZ6MmF,1406920094673,81.85,6,45jBd1sQWuSr2dbTBgjb168xaA6De78rLVUvQ2Zmpump
2bLyGDmVmf68CViAqBHwys4p16Hrs2egcjng2eyc84KPhvukbEhD2K4diGoo9fNvCy2mhTsA12iRCuLPt95a1CLU,1734361725,TRANSFER,HY8mW3Wvj7m1HkCxkBhZ5d67xH7j5HvNzmVtujhWNaYe,7yRZowUx9HrgqXc5LsqVbpvKB2JdPAx7cTimFpCZ6MmF,3131913988900,182.21,6,45jBd1sQWuSr2dbTBgjb168xaA6De78rLVUvQ2Zmpump
cZxgr92x5U6dhuLzWJjGmDoLhNKUXYcN8wUH295MbJCAxeFe6HzYG8gkp5xcMstmQMdNND4CWVN6pfth4MLXS2m,1734361725,TRANSFER,FbMbAn9SrwCZifsqUPtzdnQG5qYn6v8xRTTpF4et5ZrC,7yRZowUx9HrgqXc5LsqVbpvKB2JdPAx7cTimFpCZ6MmF,5930279047857,345.02,6,45jBd1sQWuSr2dbTBgjb168xaA6De78rLVUvQ2Zmpump
ZrzfgyZTWJbmJnbwPrZGdhWZJxbQ4otmtTypA3tWNeJG58icRXEZRDpEHtrH4FVvj3n9oJUFC2e3MYdvbAEbUim,1734361725,TRANSFER,5Z7FC6wCdGYKsfr6VpYV6wP4XiYLjoV2xT813ME4TyCx,7yRZowUx9HrgqXc5LsqVbpvKB2JdPAx7cTimFpCZ6MmF,7246628497408,421.6,6,45jBd1sQWuSr2dbTBgjb168xaA6De78rLVUvQ2Zmpump
2synPjcUtKetSA7jAgp1dPr7hNB4aYQohn5HYkmDiP6BnKB6XmBye3mVFQi9Mt3pH5i7N8evLSBtxKsxs4HvEkuY,1734361725,TRANSFER,FzutFtJUaMmFzjubYyqTLcrYxe3kzpDkFxUeRvEU5Upg,7yRZowUx9HrgqXc5LsqVbpvKB2JdPAx7cTimFpCZ6MmF,655845897536,38.16,6,45jBd1sQWuSr2dbTBgjb168xaA6De78rLVUvQ2Zmpump
2po5C4uyKzTjy9ZWv7BKuhLUJHyN8ZHvLQ5A5c7sCfwXEqYwjwKqkW4LawZ2ezRKXwrVpeb1R8XtALAHhwRf29pu,1734361724,TRANSFER,Hwr5uVvy1hf86T54YCz2jpwQ4cyJ7kdd5z7Vr3cieDa5,7yRZowUx9HrgqXc5LsqVbpvKB2JdPAx7cTimFpCZ6MmF,1872216707822,108.92,6,45jBd1sQWuSr2dbTBgjb168xaA6De78rLVUvQ2Zmpump
3zDweaXnsnT2Y4ghxKJMGB9H7LWTnVfUNeHfUQa695nW2KKjBR1ZF6qggzbuy6fL8xErPd4vCgYmBgNgxeAZXe8f,1734361724,TRANSFER,CqvACDsBuaFXoYFoxrRJhqSPoyGW5MUyv9gC7ETAVYPs,7yRZowUx9HrgqXc5LsqVbpvKB2JdPAx7cTimFpCZ6MmF,3983898698685,231.78,6,45jBd1sQWuSr2dbTBgjb168xaA6De78rLVUvQ2Zmpump
2qQWYqDMiD5oTmAFMXAtiz1bgckgPjREuU2qauDrsyW8a5Mu2qjsTk7Aw5LVEFjj9oBKBkUJu7GYqF7rYth2cxBz,1734361723,TRANSFER,C4mGXT2jVRcLjuSRqUZUGLMGeAboqeRXVBAjfyaSUu1k,7yRZowUx9HrgqXc5LsqVbpvKB2JdPAx7cTimFpCZ6MmF,792569973366,46.11,6,45jBd1sQWuSr2dbTBgjb168xaA6De78rLVUvQ2Zmpump
2yWGCsVDp9Wv9cEPhECrNARUWSGuExoQXdLLHJNNpDjpKi1NiKfdSE7sCu8nTPfFGLsU5tT2ySJ66NopDRombr6y,1734361722,TRANSFER,Jc3rWxqoCK8jyb7hm79z9e64P36k68tKuWv9iYExieZ,7yRZowUx9HrgqXc5LsqVbpvKB2JdPAx7cTimFpCZ6MmF,13094951570935,761.85,6,45jBd1sQWuSr2dbTBgjb168xaA6De78rLVUvQ2Zmpump
51QEcYsQyhBWAw78dPMuzrLLqKB8WFbuYZSU1f3rxH5SGBpoVJWCgpm4S3Y2yR5kUnUR6nqXM4UhvJH12Egz43xV,1734361722,TRANSFER,B5SKL86CyCdGVYv9vHfni6JK3H3uqpZqSM66QZFzov5H,7yRZowUx9HrgqXc5LsqVbpvKB2JdPAx7cTimFpCZ6MmF,3179892304228,185,6,45jBd1sQWuSr2dbTBgjb168xaA6De78rLVUvQ2Zmpump
2R97QgdxF6EFHjsYugmAKGXE2ox7eukys9T7LiiiJ9JF5Zog6i8Jg65A53P6gDPpmMDhVxUNe2HLWtujfJpSFC5w,1734361722,TRANSFER,HYKkhdQ1xtJkLxwho4DmG8LA2echspcjJ7LEQgeeAPsS,7yRZowUx9HrgqXc5LsqVbpvKB2JdPAx7cTimFpCZ6MmF,13829404213347,804.58,6,45jBd1sQWuSr2dbTBgjb168xaA6De78rLVUvQ2Zmpump
4hH7uk1BJiKvPmqLQ7VswL8tDR8UftBffUXPRdCgLn4oMVe1GMw2hiqi12fedyAVUZE4GXyriFmxy35zvB2qZX1k,1734361721,TRANSFER,FJpoPCSTBuw9eBavY2dcmGXfS8zRK3tQ3tRK2DLA1iCR,7yRZowUx9HrgqXc5LsqVbpvKB2JdPAx7cTimFpCZ6MmF,754057569303,43.87,6,45jBd1sQWuSr2dbTBgjb168xaA6De78rLVUvQ2Zmpump
5by1dNBecSP6Tn6G9ceF9aQYG8odSigXGzZwWrfD8kgaHWM7BR5mvYPgYYWChj93UjmY5TC5e38cwt5qQeCX36GY,1734361721,TRANSFER,4xj9Y2VC9R1bDuutVcgMTFfD7Z9BCzM7HkrhrgXFFGky,7yRZowUx9HrgqXc5LsqVbpvKB2JdPAx7cTimFpCZ6MmF,712198867728,41.44,6,45jBd1sQWuSr2dbTBgjb168xaA6De78rLVUvQ2Zmpump
pS63ZZk9mGQdkJ9QMkgex7Ca9Jh144xoEmjFv2JYtee719zMz5xepuMANRTc28oT4SeT5vagusSU8Ho5PRWN2Ui,1734361721,TRANSFER,CasVwQZUbpFhZQkEMTmcGpffPek3fY6ZSFcrGrdDUh8q,7yRZowUx9HrgqXc5LsqVbpvKB2JdPAx7cTimFpCZ6MmF,9171236103265,533.57,6,45jBd1sQWuSr2dbTBgjb168xaA6De78rLVUvQ2Zmpump
3MSou6GJti56iYhpcwYvkcCrPAY9VDzFSVEFCEZVMF39iXw44RRPVQwfMVoJvWCYnp36ajWwQR75fh2QZvqcR6hN,1734361720,TRANSFER,2zdyLWz1A1uivjcewBzK4Wommvm5PrvWom7uAAm5nDqf,7yRZowUx9HrgqXc5LsqVbpvKB2JdPAx7cTimFpCZ6MmF,611507259829,35.58,6,45jBd1sQWuSr2dbTBgjb168xaA6De78rLVUvQ2Zmpump
4bLUm2fjSBZTLrLQZzEfRQZhn27XiaJxNUnbu3xjuPYoaDsB5GjzFyjuqMGF7EmwTSaZNATpaKBjLJYr6CFcDYou,1734361720,TRANSFER,6n1Hcs9JEzPX7RYkWAbr3Z87iJxLzNs9oGJGpuAcWgyS,7yRZowUx9HrgqXc5LsqVbpvKB2JdPAx7cTimFpCZ6MmF,3315335962503,192.88,6,45jBd1sQWuSr2dbTBgjb168xaA6De78rLVUvQ2Zmpump
4gsuj6hGxY8enfHurtF4nfrd999Y6fLTB1uUJYcrZv3ewXPKWK4BcTdkprFfxqFZD6rBVp795Qh89X1TeeqUqjF7,1734361719,TRANSFER,2KupYLvdC6jYS5ynMR1LYiDvozqz44tu4GzsjmRXFp6H,7yRZowUx9HrgqXc5LsqVbpvKB2JdPAx7cTimFpCZ6MmF,3441078222393,200.2,6,45jBd1sQWuSr2dbTBgjb168xaA6De78rLVUvQ2Zmpump
2kVQEPu633EBAQZZ6mjCzggymwAnzzqKRvfgc6MEs35hw16czHtmZfuu9F3bz2A8mu4Z2CNs6M1VrpZ4CbGa6ad1,1734361719,TRANSFER,9t4NDqJuyRCc5x8HrNAiCJCBC1JHqXe3qNZFey1zeRk5,7yRZowUx9HrgqXc5LsqVbpvKB2JdPAx7cTimFpCZ6MmF,8123823362925,472.64,6,45jBd1sQWuSr2dbTBgjb168xaA6De78rLVUvQ2Zmpump
4pnJ2isQ7kyCJNcEM1VoBUWa5cF9a1Mz5szkKVJ1vtBKdb1vYvsMXEGqexy3vr7UMsFGuCLT9vx53YFs7e9bT4vq,1734361719,TRANSFER,7LW23g7G49UCxkP7RdTi9gVaqRk3LEt2oX5dJ9rnhEmh,7yRZowUx9HrgqXc5LsqVbpvKB2JdPAx7cTimFpCZ6MmF,9908209711090,576.45,6,45jBd1sQWuSr2dbTBgjb168xaA6De78rLVUvQ2Zmpump
52pekzgYLkKqrsjood4yWufVo5U5s7jy3xaf51UgieHV3v3h9tkwC9Yvzu1UXUB8RB5ztFUXyuFYqCHhZhMFTT5C,1734361719,TRANSFER,DnWxXrX4d3rZr3QGmHeALgA5GBQQU8oruiLB37QR4yh,7yRZowUx9HrgqXc5LsqVbpvKB2JdPAx7cTimFpCZ6MmF,3983491295435,231.76,6,45jBd1sQWuSr2dbTBgjb168xaA6De78rLVUvQ2Zmpump
3fGfdTWEN7JkfSwJ6S1ofVfNtSecZ4GmsGFd2M4pGZjgxUj6fC1Evs6gHRhGXsfVWbRv3Vq9Dyc3TFYeDXNfvPH4,1734361719,TRANSFER,Gj5QN25b2JGSZAjS7QsCP257puUMLxCUE2x1nnYCwW4K,7yRZowUx9HrgqXc5LsqVbpvKB2JdPAx7cTimFpCZ6MmF,3383219716184,196.83,6,45jBd1sQWuSr2dbTBgjb168xaA6De78rLVUvQ2Zmpump
5vqTJaboxrY5YuADKAnyzZiZG8Xrj2AGZN4JugJtH94qNZ1mX2z6VC1cy8FfCeePNHTcDQSu7Wpkkv7yfcEnqspg,1734361718,TRANSFER,EWH7Y4yi6DuG2E5vaWPCcJGiRuZGhsxuNyr7a7L86YLW,7yRZowUx9HrgqXc5LsqVbpvKB2JdPAx7cTimFpCZ6MmF,5865304030400,341.24,6,45jBd1sQWuSr2dbTBgjb168xaA6De78rLVUvQ2Zmpump
4mUMhpyM6f9z7DsgUwYjFb2SyLsiXTwCpg739RWteWSfCNgtaCvceTppPughDwfZwpDAxG3XYZvXoKU8CKcUMH1X,1734361718,TRANSFER,HVHi3iMi3dWqF3C9PDoiz9WLHchLnJaUxDWfRFzHAkbj,7yRZowUx9HrgqXc5LsqVbpvKB2JdPAx7cTimFpCZ6MmF,6940731877081,403.81,6,45jBd1sQWuSr2dbTBgjb168xaA6De78rLVUvQ2Zmpump
XAqFBQo6yP2DTB816xebEjMhjeSZNdEsS9JktzwePeEGVJ412kYxquLzaBuSCdLKs7nmNUGLSNGdkkeCqSUxnBB,1734361718,TRANSFER,E3qAi5DtNBdRGJbWs4YtQA632z83tts5LvQ51Qjf3tdJ,7yRZowUx9HrgqXc5LsqVbpvKB2JdPAx7cTimFpCZ6MmF,3850807568759,224.04,6,45jBd1sQWuSr2dbTBgjb168xaA6De78rLVUvQ2Zmpump
FSc2QoSVaBpBXf89oLbzgSgGHXfJNDH9z4ZeixcxJKBSJY4JezKBzFv4uVWkpnpBCi8yGKYXrfdi5wUGnofGoLB,1734361717,TRANSFER,3G2MrW5GJjriA8L2YRh1WEYXDL9RLJanCCUkMCUCqbix,7yRZowUx9HrgqXc5LsqVbpvKB2JdPAx7cTimFpCZ6MmF,5372415836109,312.56,6,45jBd1sQWuSr2dbTBgjb168xaA6De78rLVUvQ2Zmpump
4QSnUgQCTqVS4Ex7Ugk2jWvYwfCWbLv8UWDqQjbY6UGuLwB6BmkpNqoCVvkP1ViAnqjNFYzDsmnUCoVj5kjEqore,1734361717,TRANSFER,3JsbSiS9bJ4WxyUvBWkkUgrVUndjTMgiQXg8pEUCykGX,7yRZowUx9HrgqXc5LsqVbpvKB2JdPAx7cTimFpCZ6MmF,687692496251,40.01,6,45jBd1sQWuSr2dbTBgjb168xaA6De78rLVUvQ2Zmpump
2NqeDdCHgmREtPMTjf9YmyWtZErsUpVFH6aqBLW9J739v91pq5Enq1qNxobu2wFDSov22xtwCm68Th1BNzeeefHK,1734361717,TRANSFER,F9QRFJGpuYRDnv8SGiY6WPwtyZGS6FGLhMYFGQmSdRMF,7yRZowUx9HrgqXc5LsqVbpvKB2JdPAx7cTimFpCZ6MmF,823535076945,47.91,6,45jBd1sQWuSr2dbTBgjb168xaA6De78rLVUvQ2Zmpump
3wsAX9f11pAfHJnJLAY91DXk93Sav3exzK8oMP1TqRYv6rVLYYe4nMUwYCpzgnoH6X4Q79Nwmso4AttErYd9xgpN,1734361716,TRANSFER,ADxZgcBFigxhhTY2msxFg9eL7d2kYT1j5X7D8xwfktFZ,7yRZowUx9HrgqXc5LsqVbpvKB2JdPAx7cTimFpCZ6MmF,3049806342775,177.43,6,45jBd1sQWuSr2dbTBgjb168xaA6De78rLVUvQ2Zmpump
GsgkNovcHdeNJVGVu8pK3KcBLvGVmEMUWvWXbU5riewVPyh2GtGDsfV1uec5swHxk3QKttTzRe1n26QtYRLWEw4,1734361716,TRANSFER,2YhmfqXVQ4k8Sdx5aRAcjYRC3y1YBjnJucJoYzwY4KV4,7yRZowUx9HrgqXc5LsqVbpvKB2JdPAx7cTimFpCZ6MmF,2592033721919,150.8,6,45jBd1sQWuSr2dbTBgjb168xaA6De78rLVUvQ2Zmpump
3nQtGBro2hLUa2HxBRx8gvnNeYLW7mVHvKuuxZqgrpgzyCfSqhxVEkqkozimuQXSprJh4kK7DzizMn8pbmiquQ1B,1734361716,TRANSFER,754Q72qeSNcxdtZ3xyzR8qYwKjwSM9igLTiLpbeyTnNc,7yRZowUx9HrgqXc5LsqVbpvKB2JdPAx7cTimFpCZ6MmF,885988216426,51.55,6,45jBd1sQWuSr2dbTBgjb168xaA6De78rLVUvQ2Zmpump
3dFFfFgGYJAu9M2FqBrAoGXiQuY6VYFi8t5o2PUP3q3dR7gSQGzWEj4L689U2JVgHJsJCk8Unje6BFfkTzdx1SwM,1734361716,TRANSFER,DK8d3ZDgtcHTBgLYy8NpbEGCu6PSkfrDfH1nKmHFo1Rk,7yRZowUx9HrgqXc5LsqVbpvKB2JdPAx7cTimFpCZ6MmF,828286301529,48.19,6,45jBd1sQWuSr2dbTBgjb168xaA6De78rLVUvQ2Zmpump
44hYXjGvXo4PpLHUpCkwQDtAa2hXY3uybWKYTfkE9kkwFPxSyMMA434QiMmri1EEptuxRrsQ85uhg73XspA6Ndv1,1734361716,TRANSFER,7dBPCdJZo96jeko6NFJsK8QLcWMW7fo8Hu8L7PJH11mx,7yRZowUx9HrgqXc5LsqVbpvKB2JdPAx7cTimFpCZ6MmF,3642288578180,211.91,6,45jBd1sQWuSr2dbTBgjb168xaA6De78rLVUvQ2Zmpump
2zagTfkRACf8sMYqEZVsuLGkJLLRtwMMXK8UkM69tYP6J9rHPSZGe7NJzSibUqs5Ud7kHJhnqwLFS8K5ydNLhqWn,1734361715,TRANSFER,2as16HteWaT871JLENUmabUBQKU2uKeqkkGtqurkvodZ,7yRZowUx9HrgqXc5LsqVbpvKB2JdPAx7cTimFpCZ6MmF,7202357052789,419.03,6,45jBd1sQWuSr2dbTBgjb168xaA6De78rLVUvQ2Zmpump
f7pnRFKXsaZ3pnq6VxHha8QVinof6JWFYHmvNdPNh3MKxw5NH66bYn7JVQ92enNaSoYL7VB6jLt91s8o3obSEgH,1734361715,TRANSFER,DsDSAk6bs9qbA9coqLx5DNuGQQfFrHPqSApi7yP7d2AY,7yRZowUx9HrgqXc5LsqVbpvKB2JdPAx7cTimFpCZ6MmF,4800043218010,279.26,6,45jBd1sQWuSr2dbTBgjb168xaA6De78rLVUvQ2Zmpump
Dw41ML5ZhG2DmTQSMxye9Dfkp5bCzJboowg96Jv8pjms2feUHDjH7heCgdHdtDg8sSjr4d8SyzR8rhrVKEhqvus,1734361715,TRANSFER,GFayTuu9Yq6jggnyxnv9FqUEjsRqFD5yh75tszfKKd6h,7yRZowUx9HrgqXc5LsqVbpvKB2JdPAx7cTimFpCZ6MmF,7385482559423,429.68,6,45jBd1sQWuSr2dbTBgjb168xaA6De78rLVUvQ2Zmpump
3hpyHF78kn9ZqasvLzcqVBm9ex4DQQEQFTBdbdNyDfMekB8Nymgu1DRG1EmwHRdrgR8wPyNbgePpGdGKnwgM7B5f,1734361713,TRANSFER,4XP2a6aobT5c8QiQ2UEofKjgi85zgpgnmC7opAxeedqn,7yRZowUx9HrgqXc5LsqVbpvKB2JdPAx7cTimFpCZ6MmF,2964708929026,172.48,6,45jBd1sQWuSr2dbTBgjb168xaA6De78rLVUvQ2Zmpump
3hxaUkESQTuVcZNYCBDQRomo6HqLQEew2jehdZbbQeZHwXw7r2dqPKjbuMpnMiu1Xtwv7VieBn774AEbynEFQQE4,1734361713,TRANSFER,FHZ3166xaKgE3BFm38qSvWArScpzhxNUFH4moSdJXWB8,7yRZowUx9HrgqXc5LsqVbpvKB2JdPAx7cTimFpCZ6MmF,2691689048069,156.6,6,45jBd1sQWuSr2dbTBgjb168xaA6De78rLVUvQ2Zmpump
MzLqr1rE4SRhFoe8CG6qrPi5nueQSANi4zT97e6gDddb7Zvym4NJJd5zS3np9xLHUht1hs7wvFyd6UhN2k3QKPe,1734361713,TRANSFER,GUVq1d7DL9xc2MZoYD7HE1kyDoVCPQudVneQZTqPuwzb,7yRZowUx9HrgqXc5LsqVbpvKB2JdPAx7cTimFpCZ6MmF,814419340102,47.38,6,45jBd1sQWuSr2dbTBgjb168xaA6De78rLVUvQ2Zmpump
QUeo5f9dRLGpUPfdZAcnduJc1kSPcK4B9oPoY2ryYc58s3VrEmTzqs1LPyLwuHuCq7uXuNbsDRJJGrVggLAnvXG,1734361713,TRANSFER,nvtRvdhcQbekumENQRVM2YtBPBoQoawS7WyPFbD5myi,7yRZowUx9HrgqXc5LsqVbpvKB2JdPAx7cTimFpCZ6MmF,5931443242691,345.09,6,45jBd1sQWuSr2dbTBgjb168xaA6De78rLVUvQ2Zmpump
G5wDty6747PfTzVTUnC1t5vbypYb6knHgZLzceiQrizhKTchhm3gGz7Ufi8ZX14mSuraWw4mQmocRKdUxHPXgYx,1734361712,TRANSFER,867ftenoLehzWtY8rZoQoi3vidPfovMpnhExaWkHZ1sc,7yRZowUx9HrgqXc5LsqVbpvKB2JdPAx7cTimFpCZ6MmF,10611914752835,617.39,6,45jBd1sQWuSr2dbTBgjb168xaA6De78rLVUvQ2Zmpump
UinAcNe7qP34Bh8Hz1nvST3YioPWv6MWHwjupaJApzrWqNxNUp1AeXtaAdda9bYsCfX3chv4oEKqtDVDa9kFpQN,1734361712,TRANSFER,GGUc4m62QSt19QvEz3V3ShtpKT1YpTR7o2bcMZiYbLq6,7yRZowUx9HrgqXc5LsqVbpvKB2JdPAx7cTimFpCZ6MmF,6778100439135,394.34,6,45jBd1sQWuSr2dbTBgjb168xaA6De78rLVUvQ2Zmpump
2expdNuVcsTc2rb2mKneJpW6Mqin5mbEmazfQcynq6SPXnfviVwP97nS5uE4hofqWpikjUETWPatCebyhJex5zVy,1734361712,TRANSFER,FEmWy5XfCSCs5RjFkSkKPYDczUc2bn4BdByGz6n913xV,7yRZowUx9HrgqXc5LsqVbpvKB2JdPAx7cTimFpCZ6MmF,3814868808675,221.95,6,45jBd1sQWuSr2dbTBgjb168xaA6De78rLVUvQ2Zmpump
2oV2qGYF3UVQyFoAz4u2XtdLE9eNY3EitHYLBwRAfgWfkDKqMsG2w4TcUhWwMBPx3irzRX3cHB7ox6Sckwvonzgg,1734361712,TRANSFER,3hmuYGUCYeunYstLPahGMfkpXYc8Ka5pQegYSUNUYq1m,7yRZowUx9HrgqXc5LsqVbpvKB2JdPAx7cTimFpCZ6MmF,3769229266500,219.29,6,45jBd1sQWuSr2dbTBgjb168xaA6De78rLVUvQ2Zmpump
3s8HUvWK1qF4D8YRCvD8pi8JtCDPdTdzFtdyAB39MhEafEFDPirpVUaHsLmRJ6Nz5H7R6GMuqCk19PfxaMvMSWAh,1734361711,TRANSFER,tAi53JX375VyTcjaA69eMorySypxUyVbfVcZttEfo1i,7yRZowUx9HrgqXc5LsqVbpvKB2JdPAx7cTimFpCZ6MmF,7341979671706,427.15,6,45jBd1sQWuSr2dbTBgjb168xaA6De78rLVUvQ2Zmpump
3tDujtAz6wxvqarjAWN9nMpaMfQDcgGRHDqXW8ZDdiN4hj4ATqJ5KgzwGUzjoie3ZjizS4ncLgVY1gdYiiherZkJ,1734361710,TRANSFER,Hn52SrWMBmdP7wuCeeSJK9Z4KxCuEwoqhX6u11HBCoer,7yRZowUx9HrgqXc5LsqVbpvKB2JdPAx7cTimFpCZ6MmF,4298754603093,250.1,6,45jBd1sQWuSr2dbTBgjb168xaA6De78rLVUvQ2Zmpump
5Aknxi3pEAwq64ou8Ctnyfv2u7yiEJ29ygFqJMixeimfVGn3ZmjNuZKwnMq3MJTqd1uxrckP3ZEQdJXGRZaciuxD,1734361710,TRANSFER,2kL631DPXGxAzYFKdFHTg3SukC3XyxFxBz8L2veVJi8h,7yRZowUx9HrgqXc5LsqVbpvKB2JdPAx7cTimFpCZ6MmF,2495957499312,145.21,6,45jBd1sQWuSr2dbTBgjb168xaA6De78rLVUvQ2Zmpump
53JRLr3DVoNEZuEnA4t1b6KzcLoR5NhEYtxJ6qL5Fdy1cewmNpCkRL5UwHMvzZKiZYtWFKTVvXqtSxv6AisQv3qb,1734361710,TRANSFER,4oS6pY4TCvtVHF2PzNeAhRW5JVAVzGbHcteuHK9ofxpg,7yRZowUx9HrgqXc5LsqVbpvKB2JdPAx7cTimFpCZ6MmF,2867624577791,166.84,6,45jBd1sQWuSr2dbTBgjb168xaA6De78rLVUvQ2Zmpump
2KFMiPm16iU3ip6xjkCX6k68Azb34o8zqsTATqobWwxPNWWnNFLe1WpSfdPfhgXVT9kFguVmCUDbWXF2VAU231Ge,1734361710,TRANSFER,36mCGHRszW8Baoss9CekXqTDGVLQwBojM9i2snB9VRF3,7yRZowUx9HrgqXc5LsqVbpvKB2JdPAx7cTimFpCZ6MmF,3037863040759,176.74,6,45jBd1sQWuSr2dbTBgjb168xaA6De78rLVUvQ2Zmpump
2ABKQfEvTyhq9HiBMKQhcvuNVkVCYjQwSC4sK5b4U54wAvzJN5LcYASoEN7fAEst2Kn22fNdsNaWeNGcRKvMJv5k,1734361709,TRANSFER,8aN2hqpsPB4mMWZLvG5VPrs5uwAt4cLyv3JSN7pUrmKz,7yRZowUx9HrgqXc5LsqVbpvKB2JdPAx7cTimFpCZ6MmF,5265846272629,306.36,6,45jBd1sQWuSr2dbTBgjb168xaA6De78rLVUvQ2Zmpump
2ZHjwHvFStSYWMFrPAq64hKg9AeRMphbMRbJaK7BzbjvwZdiKqtdUMPtdi5z7VXYap9Yhx5tiaj9qS2cngoPTXBc,1734361709,TRANSFER,86ZbFmPMd6GzNPiEJxb5Dc4DC45Y1GR9KM18vXRefGxm,7yRZowUx9HrgqXc5LsqVbpvKB2JdPAx7cTimFpCZ6MmF,9700011103502,564.34,6,45jBd1sQWuSr2dbTBgjb168xaA6De78rLVUvQ2Zmpump
3hAAgwZZaMh5FtTRmsQiTRTr76zBzi1wbzMrYGmvhavwWwozgdbQSaDKmrXQSe32dmK3w2BfgwooEtb4zVX8yEWy,1734361709,TRANSFER,3BSdeDEdAXdJusgNpyg5gnNaKy1t4wYCNfijqYKrVJsp,7yRZowUx9HrgqXc5LsqVbpvKB2JdPAx7cTimFpCZ6MmF,3337242009046,194.16,6,45jBd1sQWuSr2dbTBgjb168xaA6De78rLVUvQ2Zmpump
2VHx5qMR7KwRVBfURAzx3KYXWuaPXMrvv5T3Vcy9oQR4DDDLb8Ycq85sSUjn4sQso4mr23Ba9JzsMRNwyf3XVk5R,1734361708,TRANSFER,5nT4zTQPMmzujj3eRUmBHEUv9wnKLWioCrUxeb6anLS1,7yRZowUx9HrgqXc5LsqVbpvKB2JdPAx7cTimFpCZ6MmF,10643397704323,619.22,6,45jBd1sQWuSr2dbTBgjb168xaA6De78rLVUvQ2Zmpump
CYMhN8Wh7gTrFJXXJa2882FjsE9U6nytwCQGFWMvLCQpmgwT49ARpRahw3aDnTknZzrYEEJqQQBkntLSwFXUMZY,1734361708,TRANSFER,FkTWuxoNYt8fhWWuj6sdf1wLeNXdFS9wenQo57UqYtZT,7yRZowUx9HrgqXc5LsqVbpvKB2JdPAx7cTimFpCZ6MmF,2537841587108,147.65,6,45jBd1sQWuSr2dbTBgjb168xaA6De78rLVUvQ2Zmpump
5zNHiEStPzPNDGGyWUfsJxH5ZxYpCX1rNUz2S9ZB9vsbkST2mNairZLkGNyUx2hmFamHE7McZhwFC6wzuoQjNNrt,1734361708,TRANSFER,A7Mh636gTkVLqBFYDbZrP3HzSTEnMPgbJGwRziVar8P1,7yRZowUx9HrgqXc5LsqVbpvKB2JdPAx7cTimFpCZ6MmF,4880757118778,283.96,6,45jBd1sQWuSr2dbTBgjb168xaA6De78rLVUvQ2Zmpump
e3xk9F7ZtEi5fTJTk6nX7ytJ28bCDpnB6juK6D7V2EURD6GLdgcxsFWo9km3hnjgUFyrgcZTJubmcpQyz1TbTF3,1734361708,TRANSFER,68PAPpesqC3LYpGytxZAvbEuqJPLg7Re1S4SuNYyjm49,7yRZowUx9HrgqXc5LsqVbpvKB2JdPAx7cTimFpCZ6MmF,2721572600540,158.34,6,45jBd1sQWuSr2dbTBgjb168xaA6De78rLVUvQ2Zmpump
SHsN7T1MC2fcmiLH4tmLVpKwxTqbiNoa5LAGU5Q8ettauzHAjEeb9pYgSDZeuCqgg1shztpiwY7czN9g4aX5sCU,1734361708,TRANSFER,BEiTdwNm6HL1RMYiVrD9DXD1iAfH1pnRdL1iEtiN2GbK,7yRZowUx9HrgqXc5LsqVbpvKB2JdPAx7cTimFpCZ6MmF,186240602099,10.84,6,45jBd1sQWuSr2dbTBgjb168xaA6De78rLVUvQ2Zmpump
5tbmA5KUQG8o2AZ6fAXaosnSVLyFH6Y8JpYvSzeBezUv2HNevWE2zZ2tAxYVhaK9nEzLCKBEcmpaYSTJk4CZtUmk,1734361708,TRANSFER,NR4b2JzqFMCUj5yfGtjoEDaNH5dbmir52evq29CASWp,7yRZowUx9HrgqXc5LsqVbpvKB2JdPAx7cTimFpCZ6MmF,2876406284699,167.35,6,45jBd1sQWuSr2dbTBgjb168xaA6De78rLVUvQ2Zmpump
5gXvdn1ZkrEMcnUUhNGALwiWJQ4s435LA7vFiJ1Sc2i8qCcNfX7WE5GMVyEUjEtEB9f7ofSzBkaMdaJw3CTyEAAy,1734361708,TRANSFER,FZnWE3ooxr576yRF58cwuL5EvujFKK2t6RnNHQdYYnLv,7yRZowUx9HrgqXc5LsqVbpvKB2JdPAx7cTimFpCZ6MmF,3218735015485,187.26,6,45jBd1sQWuSr2dbTBgjb168xaA6De78rLVUvQ2Zmpump
2nB6NYGLmb381S5FVxGqx5dTo7GRcJk1bQffqr6MQfNGnQeq62L164XNrkayHRR1kejvWTD7QPT7USHdpufem4hN,1734361707,TRANSFER,AyhrnZ1Ji72URG1JtrR9881tx6Fq19XMbJiBJAsiq4e8,7yRZowUx9HrgqXc5LsqVbpvKB2JdPAx7cTimFpCZ6MmF,4429649920434,257.71,6,45jBd1sQWuSr2dbTBgjb168xaA6De78rLVUvQ2Zmpump
3K8Dj7hmrTYt3hdA5GNDtJB5Yahwc8xnqRdv7bsHeJCiBDMGYNLxHJvmUzt8eQx7vWdHQf9F73mXvzKcdypvS1Lc,1734361707,TRANSFER,GUP1hxfSbiheUWniFmVzBYisqDpovVREWACkNBq2paQZ,7yRZowUx9HrgqXc5LsqVbpvKB2JdPAx7cTimFpCZ6MmF,4098819552048,238.47,6,45jBd1sQWuSr2dbTBgjb168xaA6De78rLVUvQ2Zmpump
2gdxFwxgrJiNpooV9FH3FU3RuMXVkZ7kkLZ3XvPriuZ6BavDFvPQnKHESCfqjfbG4bMocwR1qWvrBcVhZvzJVx5D,1734361707,TRANSFER,8pgCPBy73ge4T1mZ62NEmpysXxvyvo6yPX9z3gQ3RaeA,7yRZowUx9HrgqXc5LsqVbpvKB2JdPAx7cTimFpCZ6MmF,6705607816928,390.13,6,45jBd1sQWuSr2dbTBgjb168xaA6De78rLVUvQ2Zmpump
4Vz5wUzMh9pnSpKYDoBUyhRisM33vK7mRkX5BU7q9yzmumjiRYToi9tMxCqqLpL9oprCfcgHjthsqu6yBEcRUZp6,1734361707,TRANSFER,GQpDF5RkRBgdHU8yEbiR5iytJdBPeFq43xoby7CfhPRG,7yRZowUx9HrgqXc5LsqVbpvKB2JdPAx7cTimFpCZ6MmF,377545553007,21.97,6,45jBd1sQWuSr2dbTBgjb168xaA6De78rLVUvQ2Zmpump
4XfKzAbww8YscgkDftuiNBpmvFNXPyQGnpTCXg4pWSmB7CJGgmXJKzGDzubpVsck5VrGfC7MAGeEZq1v63dHY9em,1734361706,TRANSFER,4Vgb6rr2zkgDGBAM7hhJ7Wov5k7FSZUrJpZU2Us88FzK,7yRZowUx9HrgqXc5LsqVbpvKB2JdPAx7cTimFpCZ6MmF,3081959700964,179.31,6,45jBd1sQWuSr2dbTBgjb168xaA6De78rLVUvQ2Zmpump
3S64WQTMwdaDkaFgVYNnTV19U51PLRDPRZkB9ah4QFrMEGTjFyeemNsvEvuDYgpRt8nb2X9L7YgXt1GvivjEaBah,1734361706,TRANSFER,GgqQpo3pScMLbdA4wxyPCCsGdLe1q3oWeunYL17vj3jf,7yRZowUx9HrgqXc5LsqVbpvKB2JdPAx7cTimFpCZ6MmF,3347726871368,194.77,6,45jBd1sQWuSr2dbTBgjb168xaA6De78rLVUvQ2Zmpump
2jLgvq88uYgxZKyYh9GFiC4ekX298brrcxnK6yjBVDuqw4C6s5yLaLDSWDwmAn4gNFPhjZTvjHZ67zvLRL45tToa,1734361706,TRANSFER,EDoz6owVSXaBfd2GzvDhQ3hFNe1seZuifPJ5X8xMkEHC,7yRZowUx9HrgqXc5LsqVbpvKB2JdPAx7cTimFpCZ6MmF,4767942496037,277.39,6,45jBd1sQWuSr2dbTBgjb168xaA6De78rLVUvQ2Zmpump
MbcjJbBEcDCFVV1j3iDPPRR1KmTXs2aKTUiLVYXstrpZA1rzvJrCahUyb6mYAMzxT6RQLvq3fbUSBUT1JkGbybP,1734361706,TRANSFER,AKRT19tBN6hvHihcGNvo65RQaCQJ8HmKPwbnhb8bMoCM,7yRZowUx9HrgqXc5LsqVbpvKB2JdPAx7cTimFpCZ6MmF,16116229114990,937.63,6,45jBd1sQWuSr2dbTBgjb168xaA6De78rLVUvQ2Zmpump
3NDxaLyQBT45YCjCRnMuXWUVLKnHCQyJA58YpvWS5xEXibYU5qNJcgdkggGtGXKNpoPNxxu4JejULiV8QmwKWvfD,1734361706,TRANSFER,754KGMyU75ksKn4rZfsYYQdAmn5919HmoVbDqxwZdeJs,7yRZowUx9HrgqXc5LsqVbpvKB2JdPAx7cTimFpCZ6MmF,3381423014487,196.73,6,45jBd1sQWuSr2dbTBgjb168xaA6De78rLVUvQ2Zmpump
3r9Hky6yshZj9xZePH2eRbzTPUcrz3VpsHraGY9hxLHKogFzzq6H7Bx8h7v6sc6D5D1wewQJWuLWFNzjkZPgi4RU,1734361706,TRANSFER,HamhLboTnvNiErRrE4wSDiLtEknqRXgifu8SJCj2KzjC,7yRZowUx9HrgqXc5LsqVbpvKB2JdPAx7cTimFpCZ6MmF,8432602854369,490.6,6,45jBd1sQWuSr2dbTBgjb168xaA6De78rLVUvQ2Zmpump
5zAxQ79UPTuTroYV9ZcjZGcmw1AMYfGctBfXeMfCTqAjiBSpHyNh6mJ6wKMsb9RcpoBGPGtwMyJBYWV8CaeVDaNb,1734361705,TRANSFER,AX2DmfKJLHJjVFGbhaefSW6eFxKKWNqx23abAstzLc5v,7yRZowUx9HrgqXc5LsqVbpvKB2JdPAx7cTimFpCZ6MmF,3468606842611,201.8,6,45jBd1sQWuSr2dbTBgjb168xaA6De78rLVUvQ2Zmpump
41UwD4co7uczURDCyNLeB7spFNtQD9wciazoiDwdJ4Cgzo8cAVC923HhduRJjQ3u9PoyikZFTVbuJaDhwpUbBtW1,1734361705,TRANSFER,3mk1BY2LfQXj1tj88MpfYk4591QYBSTWGco2aDLfoots,7yRZowUx9HrgqXc5LsqVbpvKB2JdPAx7cTimFpCZ6MmF,8395919196947,488.47,6,45jBd1sQWuSr2dbTBgjb168xaA6De78rLVUvQ2Zmpump
3Hg83fv9jnnv4aZnEVfSKs5nHtN3xppbibfZzoNM47QcPRs4yyhqXMAvP8dwKD6oQYPyuB35Qft5TmHRLVCABrH1,1734361705,TRANSFER,EL6D1Z15Z6Y9m4UQi328arNyXfZ9QhSVzZPk22dvv7oE,7yRZowUx9HrgqXc5LsqVbpvKB2JdPAx7cTimFpCZ6MmF,4068093954758,236.68,6,45jBd1sQWuSr2dbTBgjb168xaA6De78rLVUvQ2Zmpump
4A1McbEFQicNH8j9CD4SPzdard5hsX41jdYDivQzWds7uwEJuQpZPYqQwQDnh78PJx3wzNKwF5SNLWj73h9LACSy,1734361704,TRANSFER,5RBRjz4iUyoJ5A7afHPsivTw5qvEnpZh6gwzZWEHavA9,7yRZowUx9HrgqXc5LsqVbpvKB2JdPAx7cTimFpCZ6MmF,5314689506670,309.2,6,45jBd1sQWuSr2dbTBgjb168xaA6De78rLVUvQ2Zmpump
57rdepvvxMamBcgZnMuUy4WN1WvuCZhQNKBB1eTepTfT3SentY7NdjK2y4xWxMzkRd5914WXhzsr88j4VXfJ8RFK,1734361704,TRANSFER,94FBhJBCwE7HUWyfzLe1nUdaffoXWiXX8ZwAo2bxk7mX,7yRZowUx9HrgqXc5LsqVbpvKB2JdPAx7cTimFpCZ6MmF,5776714452175,336.08,6,45jBd1sQWuSr2dbTBgjb168xaA6De78rLVUvQ2Zmpump
4gnpzvW7CurYZ7KLBNSygtBNjTfmUqMEAs93gsEjgPcAmcaqAMMNVTyesmhjUrAFZVRVGcXcFAFsZ85nQJWw89Vq,1734361704,TRANSFER,B6Kgy67dUG7WRocSnmxmoTUVvtSnHU2bRLL49wWdFeWs,7yRZowUx9HrgqXc5LsqVbpvKB2JdPAx7cTimFpCZ6MmF,65887287897,3.8333,6,45jBd1sQWuSr2dbTBgjb168xaA6De78rLVUvQ2Zmpump
3Wzwn8mpyrMYzZHj8sLDiBkc34s6shCytiLLMhJhktjq4aJbbwsGUJwZKyh8NCZDz8g4o1bP157wmgamrSAZEvPu,1734361704,TRANSFER,GtbQhWucEdFZHgDnB2qL8TvcyGqHNgBNfsAgWovypguS,7yRZowUx9HrgqXc5LsqVbpvKB2JdPAx7cTimFpCZ6MmF,8261748250682,480.66,6,45jBd1sQWuSr2dbTBgjb168xaA6De78rLVUvQ2Zmpump
314ogKrmYNTp7XPNguubrCd9xLjC8TcTR3N5pLdcfsEjEx6j9V1ccfPiav1DPdUNT6XUf6SEGDP9qSNxate7zFo2,1734361704,TRANSFER,6vtskut6GuQjxwcJdPNJqkZDfJ1dqE5HaCAqGSbT7fcu,7yRZowUx9HrgqXc5LsqVbpvKB2JdPAx7cTimFpCZ6MmF,8826248258938,513.5,6,45jBd1sQWuSr2dbTBgjb168xaA6De78rLVUvQ2Zmpump
2v2Ft9nRRYAqPqrtgmGgYtp3GEyEEYXzeB6bSFUumfNq8TGfbr7mNiQ4nn51TmiMJYFN3LrpwJYyg6rzfYP19w46,1734361704,TRANSFER,4GSdBpBeZvragzpYC9zXitSEj8P71GUZJ774abJpJBPa,7yRZowUx9HrgqXc5LsqVbpvKB2JdPAx7cTimFpCZ6MmF,7873420645284,458.07,6,45jBd1sQWuSr2dbTBgjb168xaA6De78rLVUvQ2Zmpump
P9GeHTsYiQR8jwrgibVnnQUD6Gitfh5SDVYPY9zp9nTh67atrSsWDMQiHzaD5885ejqDEwNyKXP1zXXPC4ESctv,1734361704,TRANSFER,H6BPK1tryvrgv7PShxrBqCwgUyH2DrapjvCVeCZcVyxL,7yRZowUx9HrgqXc5LsqVbpvKB2JdPAx7cTimFpCZ6MmF,8093771494987,470.89,6,45jBd1sQWuSr2dbTBgjb168xaA6De78rLVUvQ2Zmpump
4Kknj8ytthfy9S2ptaG5AxzYQyvgs4z1RYkU3JiXbVDab76NRAgGincMgTRRuUSJvMWxrsqyeFAa8fumD9sFM6PX,1734361703,TRANSFER,4JSXjbZdsxsSC3XDruqmZvy7kPs7ANFyDzWur7MkPFaA,7yRZowUx9HrgqXc5LsqVbpvKB2JdPAx7cTimFpCZ6MmF,10662931804412,620.36,6,45jBd1sQWuSr2dbTBgjb168xaA6De78rLVUvQ2Zmpump
3j3ED7FS4XmGPxUBygiQv5GHTX26QFC5hvAzoHwJMcWEnZwH1vCFuPwrcgkxYAbuv91M4WBKNKJVVSu8Z1LBDLcE,1734361703,TRANSFER,A5WPwxZYX8fHtmayzE2jWbGGBZW4sEVUNgF3Ej1USTSW,7yRZowUx9HrgqXc5LsqVbpvKB2JdPAx7cTimFpCZ6MmF,5622317823486,327.1,6,45jBd1sQWuSr2dbTBgjb168xaA6De78rLVUvQ2Zmpump
uF231t2e8JpcSLeXPyZQhkDW9C62Cp78Zhm6gPoVrkMfHHgUFo31iikTohdme3XstAerNk6kgxcDRWwa5bmB6Ub,1734361703,TRANSFER,2MLK6VeZL9fLTnUp8hW3DNE8Ldg8Gb4f4FNRT7o6zfBp,7yRZowUx9HrgqXc5LsqVbpvKB2JdPAx7cTimFpCZ6MmF,5100278002772,296.73,6,45jBd1sQWuSr2dbTBgjb168xaA6De78rLVUvQ2Zmpump
2FBih65Qg6onsBcpGdQCPvgnfe2nPVUVGW6KbgDzaKCf4QWFD1Gt42vegiRD4Mehv4qybY6K3bV8ZLsqc7anKwhb,1734361702,TRANSFER,F4jKdJCQP3m6VsSMRxKWZBcwM3DdJkFhS32GKcJhRSXi,7yRZowUx9HrgqXc5LsqVbpvKB2JdPAx7cTimFpCZ6MmF,9962021267519,579.58,6,45jBd1sQWuSr2dbTBgjb168xaA6De78rLVUvQ2Zmpump
9hTgVSnDRMuyLGaXqNz7EMbS1qppmaEE9z3um9X2Xb2fgxuZ7eJSJAXuPM8M7dDf34v8HZ7JYYXwvWH6XXAcWhM,1734361702,TRANSFER,B4p61EQSRB48jkU4zCyLTtVerPUEA1VtYsCubNZYpfbr,7yRZowUx9HrgqXc5LsqVbpvKB2JdPAx7cTimFpCZ6MmF,6427770301105,373.96,6,45jBd1sQWuSr2dbTBgjb168xaA6De78rLVUvQ2Zmpump
3h2CJGWLiNaZhnrc6rhTTFSq9JTjrEKVGUsDyYPD7rk16WMtqLuGFCP5n22KCjng8nKWJZ8X8jFMzsJFdH6m4BL1,1734361702,TRANSFER,3yp7riooVomXM2DLXCX1eDWwc2HeKaasiNWuVbjJWyu3,7yRZowUx9HrgqXc5LsqVbpvKB2JdPAx7cTimFpCZ6MmF,14996555270518,872.49,6,45jBd1sQWuSr2dbTBgjb168xaA6De78rLVUvQ2Zmpump
2j9mT8HwQhjYVxUTLSp3dP6GtNcaYD7t7uwWYTHWxc2uDpjgCA6pbW7CGJTP9nxsZHcCCTMUdaAKtTMjRxyePvEV,1734361702,TRANSFER,FFdRTTN42L89MX6W7YMRwo9GMSQprwG1PErAfs46mDbK,7yRZowUx9HrgqXc5LsqVbpvKB2JdPAx7cTimFpCZ6MmF,6747408756913,392.56,6,45jBd1sQWuSr2dbTBgjb168xaA6De78rLVUvQ2Zmpump
2T1fn27jHqGcvFZHAKnoqnVHJWe3JkkTtN2Kdvs9iwgP6ZNB6GxyLgRjBcbnpqPZQhkr1ekDp4FgentseobExf9v,1734361702,TRANSFER,3ahqnCqa7rCqTnKgw9N8sBC3ng3pWjzjbsvz91ekTasM,7yRZowUx9HrgqXc5LsqVbpvKB2JdPAx7cTimFpCZ6MmF,7221766589593,420.16,6,45jBd1sQWuSr2dbTBgjb168xaA6De78rLVUvQ2Zmpump
28aewtMCDxH1ZkSWWAA8uKzzKggik7MeKLsGWUtwQhnhP99BYTCiE5cETujp2nqzRe9njHMBmNAGBg3C3FaeJ75h,1734361702,TRANSFER,36C7VsbM9gA3JNMNzqZ5unjLmjS9qZtRax3vAkuduNGZ,7yRZowUx9HrgqXc5LsqVbpvKB2JdPAx7cTimFpCZ6MmF,6764596645327,393.56,6,45jBd1sQWuSr2dbTBgjb168xaA6De78rLVUvQ2Zmpump
2T5egHuYDRkihSPGYFM4w1DPkmPqfkcEDhJ21XXD6F4nq83tYZh5HmEHnF2ff6zY7ZS2AodZsBwyiBdVf1scUecz,1734361702,TRANSFER,8QngZHo1s1oXmKHpS2LgKjJTiPrfqCBmhN3VndDvRevh,7yRZowUx9HrgqXc5LsqVbpvKB2JdPAx7cTimFpCZ6MmF,8209468984022,477.62,6,45jBd1sQWuSr2dbTBgjb168xaA6De78rLVUvQ2Zmpump
3YWJjM12Yy2i6r6mgi6AyVequ3AxSqLFcAhNuk9fSo1kCoSpwHNYawHt5VvS8abqhwX9PNLesm8WdPce42yofby2,1734361702,TRANSFER,6LLDUwL6VpZdhzH1LrYDAvwDcUTVXtRTPECAY4x5U8cG,7yRZowUx9HrgqXc5LsqVbpvKB2JdPAx7cTimFpCZ6MmF,7900358340325,459.64,6,45jBd1sQWuSr2dbTBgjb168xaA6De78rLVUvQ2Zmpump
3ATrG4eSbq3fueryg7y3EqH7QPuguCnDBPaUwZB9HZPmfrZtKX4nUneJbYgRVVJitUn7HRf4Qf7SSTjsKZySYeiW,1734361701,TRANSFER,5YET3YapxD6to6rqPqTWB3R9pSbURy6yduuUtoZkzoPX,7yRZowUx9HrgqXc5LsqVbpvKB2JdPAx7cTimFpCZ6MmF,67461277520,3.9248,6,45jBd1sQWuSr2dbTBgjb168xaA6De78rLVUvQ2Zmpump
4H29iYBkxgYV9MmJKFaJakAjZ7evPLFkiUDhsxm3nMpF1ZVgA5iBHbq29aBCsn2vh4BUKthHGQEbPF1aPkmBgxs6,1734361679,TRANSFER,oASp9dTFXv2T5HRatCUwToTvj9kJuzERrisHSQeFhCU,7yRZowUx9HrgqXc5LsqVbpvKB2JdPAx7cTimFpCZ6MmF,180323402538,10.49,6,45jBd1sQWuSr2dbTBgjb168xaA6De78rLVUvQ2Zmpump
2iGvwB75HBaUyHhpRMBh3D9VitYXby5rZqLeY6e5jr4dKf35Ss1GHmWBV24EAJghQThmxqbHQRbndsSNtuVU7gDy,1734361622,TRANSFER,7CXqru1wdUhWYQ2uFhdEyPmtwRp8qauT2DAcnXbG7ABg,7yRZowUx9HrgqXc5LsqVbpvKB2JdPAx7cTimFpCZ6MmF,35343677147,2.0563,6,45jBd1sQWuSr2dbTBgjb168xaA6De78rLVUvQ2Zmpump
5MkT4JVrFt5SqcqC3uvFcYAWAaTUjyLF8W8eCeJfcovMuvy5nNz8wwwSFGBoqHJA3FJQF7RNPu76JngZTLpitroD,1734361622,TRANSFER,G7ZwduQCFVcThz2N4aWETVVm2ijaeQnQ41pTEph2CeKP,7yRZowUx9HrgqXc5LsqVbpvKB2JdPAx7cTimFpCZ6MmF,25583222627,1.4884,6,45jBd1sQWuSr2dbTBgjb168xaA6De78rLVUvQ2Zmpump
28hiJBNmhGDTvLhxhdivT7QSyWogdasoBjH1ydYkVkUrSjonXKu5iTS6Jsg1xWJPpNrhBjVEAqmUskvLaB7xKEn8,1734361621,TRANSFER,HxMWLCYnryyMszA6SrViTXcRyaFjGZWAKBokgTPkEJi5,7yRZowUx9HrgqXc5LsqVbpvKB2JdPAx7cTimFpCZ6MmF,323492416851,18.82,6,45jBd1sQWuSr2dbTBgjb168xaA6De78rLVUvQ2Zmpump
31vD8bsoptZoe9PCpfoJUjcKEbcByUPuwRceiLZkmRKcAntt74FHh6aKAX83GJwyTo4WYU4rTmHmh8our6A7SxCj,1734361619,TRANSFER,Hqt9At7wHpJ8wCkWaUcq87mTNXjFkbSYnVPoJRQxH6E4,7yRZowUx9HrgqXc5LsqVbpvKB2JdPAx7cTimFpCZ6MmF,815471188989,47.44,6,45jBd1sQWuSr2dbTBgjb168xaA6De78rLVUvQ2Zmpump
27AgVu7QoPX88aaM5GzNG4PrN95yKzgdW9RChNhEqQjbdfPPDzrL51Kv9jwDkRuPZc1sFm5DAfVrAZfL2BFhZprL,1734361559,TRANSFER,7pz56qfKKumkNhJxwJnLja2T42mEd1jC1unahjsu9rHL,7yRZowUx9HrgqXc5LsqVbpvKB2JdPAx7cTimFpCZ6MmF,58796000000,3.4207,6,45jBd1sQWuSr2dbTBgjb168xaA6De78rLVUvQ2Zmpump
5zXFYKzkRX4K32qxQNkUDgcarExEYoe2ND4KhHoDhGGs2dFHLNBGMg6h5sKoE7RD3k8KfmVN3KgQux2YMUQrtxKM,1734361551,TRANSFER,G75q8mbTJKrh2HMZmPnRUmPQkFLUjjaodorZtQpSjD3Y,7yRZowUx9HrgqXc5LsqVbpvKB2JdPAx7cTimFpCZ6MmF,315342350830,18.35,6,45jBd1sQWuSr2dbTBgjb168xaA6De78rLVUvQ2Zmpump
4EdxdYZMZfhZr157VUXy1Y1p2QvSdZBYAiYWbiEDKjb24bo6N386nw6rNPFb52a3zk2WynmGeb5ZyfhFAnQ3a1xg,1734361484,TRANSFER,F8Sk7hkegNJ8sh3YEhtiJhoWkCYXXCoLHBZjTBHhPwji,7yRZowUx9HrgqXc5LsqVbpvKB2JdPAx7cTimFpCZ6MmF,427798218662,24.89,6,45jBd1sQWuSr2dbTBgjb168xaA6De78rLVUvQ2Zmpump
4QC7sgoFAJ5JWmFkJfcAA27sARMFNsNUsPZeB3j3LYeP4qc3YhuSzzdVT8K3nSBBPDdRRFTTKoY1NBfLobFz16GP,1734361334,TRANSFER,2j4So9s4bZLZK3QWEieXD3fZvxgBBYH3v1a37fCZShxQ,7yRZowUx9HrgqXc5LsqVbpvKB2JdPAx7cTimFpCZ6MmF,40791349989,2.3732,6,45jBd1sQWuSr2dbTBgjb168xaA6De78rLVUvQ2Zmpump
3tRDYbawmYoCdBAHKCxaFphd2ghnWmSawrE65Na1fFJUWnWuoqsgmqVB9Z51GAf5JFStpfTub6HPkpq3zbWzMfyr,1734361213,TRANSFER,AabZhwCMdQSknc4cKWEyXzZiYQGhBQdHeioLHLK1EHTt,7yRZowUx9HrgqXc5LsqVbpvKB2JdPAx7cTimFpCZ6MmF,0,0,6,45jBd1sQWuSr2dbTBgjb168xaA6De78rLVUvQ2Zmpump
bekgFLsqmjc35xk7oChpE9hJDPKdB9MUbNpVMhLGLV9fgZmzHeG6fb4Xwu7s7Gyuct564zYku56uZwB9Z3S1iVM,1734361184,TRANSFER,AabZhwCMdQSknc4cKWEyXzZiYQGhBQdHeioLHLK1EHTt,7yRZowUx9HrgqXc5LsqVbpvKB2JdPAx7cTimFpCZ6MmF,269356000000,13.36,6,45jBd1sQWuSr2dbTBgjb168xaA6De78rLVUvQ2Zmpump
5AkKuvX6xZd7E3d91BcjqY77aLLwUeBWL3crhwQrcQwFLcnSd3G2h5MxfvnWSuwo9Nfma8EGFcwoWfvutJgJiBTg,1734361164,TRANSFER,9NeYXVRzLf3kWKk8wS7YHYLX1xfGxYe927HNaahh34SV,7yRZowUx9HrgqXc5LsqVbpvKB2JdPAx7cTimFpCZ6MmF,2705182838634,134.15,6,45jBd1sQWuSr2dbTBgjb168xaA6De78rLVUvQ2Zmpump
2NqYZiYWQYC7yYcg6F8faVBVQu3bmjRgpD6JjcXsdC15efD3UFCASpASYpzAz6rE5Ra4eMmsDRPahwsi93BHdPaU,1734361117,TRANSFER,94criM63fqc4nYxqjHf5FESKhbTdxUDR5BMpawXgQ7Qw,7yRZowUx9HrgqXc5LsqVbpvKB2JdPAx7cTimFpCZ6MmF,77796330664,3.8579,6,45jBd1sQWuSr2dbTBgjb168xaA6De78rLVUvQ2Zmpump
3gVwJRgRBjGn5yryRgLchuyL5P8cVKwVCpwUAatPYrgVunXcdt3HuN1Ko7t3zYnQd7fB64GcRjUSxVY5aF2JyzGv,1734361099,TRANSFER,Afx34WCU3quV6GxGkcMMVSwCmLaaHcBpVn5aQj5Rj8ui,7yRZowUx9HrgqXc5LsqVbpvKB2JdPAx7cTimFpCZ6MmF,966142252889,47.91,6,45jBd1sQWuSr2dbTBgjb168xaA6De78rLVUvQ2Zmpump
63Cy1skwoYckbBfSmJ92QaDL3hVXHCEGzCuv2EbhE1bFeANPJtyf2QZww7hTG6usnJiq9XnuUmnxsJz4VGfMrw5c,1734361092,TRANSFER,6BvZ91m8epuvB5uXHdwnxmQgQw7G1o8cxVabJbjfcpBW,7yRZowUx9HrgqXc5LsqVbpvKB2JdPAx7cTimFpCZ6MmF,107378266871,5.3248,6,45jBd1sQWuSr2dbTBgjb168xaA6De78rLVUvQ2Zmpump
4beLZBsyGUJVjobzSEgy33XWuWd8RbXgBpvJWkCPHocktwRteWTdeWktRKVx4kCZgL7K7puggVSrBgtvq3uNJFEd,1734361074,TRANSFER,qaRCDrcvp3X17vNXTW3UHxfVmXTDYzKCCsCLRk2V9Ep,7yRZowUx9HrgqXc5LsqVbpvKB2JdPAx7cTimFpCZ6MmF,167943404438,8.3283,6,45jBd1sQWuSr2dbTBgjb168xaA6De78rLVUvQ2Zmpump
4oysZvP5GhT8ExTZnjiHvH9ygDBRx5b982VFnGnDtypqAT4QZmSPsyVcmGzwEbLVmz3dKk3XkDPpVJePtKRWbBBw,1734361019,TRANSFER,5YET3YapxD6to6rqPqTWB3R9pSbURy6yduuUtoZkzoPX,7yRZowUx9HrgqXc5LsqVbpvKB2JdPAx7cTimFpCZ6MmF,570857045745,28.31,6,45jBd1sQWuSr2dbTBgjb168xaA6De78rLVUvQ2Zmpump
Br2WueTPGVpY37uxVkra5L77dcoBPJTwTj4yrXnHedQ6jtpJtHwYv27rSftehoNVSrMBfS74iYXcdYxqgZYWnC2,1734360975,TRANSFER,BhTLrF34X9bfWp7icUCisSwd2kU5Pj45wQn1F6vKi23q,7yRZowUx9HrgqXc5LsqVbpvKB2JdPAx7cTimFpCZ6MmF,604796000000,29.99,6,45jBd1sQWuSr2dbTBgjb168xaA6De78rLVUvQ2Zmpump
5R9XNsTXDMMyE9AEnjg3MXYthTLrMxuX1ah7X7zyBPMurkweYbASABK1JjvHG7Jue1hziJNU3tDBnh6vsCkAsaia,1734360961,TRANSFER,8sro8axqXuYxLUs2AxQ14hx1iy6ef1T9HbQrndVo3phe,7yRZowUx9HrgqXc5LsqVbpvKB2JdPAx7cTimFpCZ6MmF,294535000000,10.44,6,45jBd1sQWuSr2dbTBgjb168xaA6De78rLVUvQ2Zmpump
3dhzYeECwbTtLLvpzftV2xzj7mGFskFqv2zCZmC9UXEpGYAP54FapBuRgE5Ewn4ZtPzLbkb9ohyWTFoA5cAe7NsW,1734360941,TRANSFER,8wMAwmhuQiJdwFuJoKdNfoVqARZWW5s5s8wGaMAyUQa4,7yRZowUx9HrgqXc5LsqVbpvKB2JdPAx7cTimFpCZ6MmF,432684625105,15.33,6,45jBd1sQWuSr2dbTBgjb168xaA6De78rLVUvQ2Zmpump
2Dnganb6hkJabaRbNTJqDCwVJsty6MmgJdcCmNrmAJVszGyEctqCF2dU6nAmdaKpZMBY3EH8vWBJU1qXWrBcRtJF,1734360920,TRANSFER,2QjPbFdKr4NwYLYH4FkwrNh16RfsVUd72oynuYRWhBgh,7yRZowUx9HrgqXc5LsqVbpvKB2JdPAx7cTimFpCZ6MmF,9173000000,0.325,6,45jBd1sQWuSr2dbTBgjb168xaA6De78rLVUvQ2Zmpump
4vPKp5s1SGivFJtmPfrRwanFpF2oQfh8x2hFXeVHTqkaBCgC38kn2Hg9pmX9nyd5cxZp6GTMzGvUiDyuL1BkXvVP,1734360899,TRANSFER,2j4So9s4bZLZK3QWEieXD3fZvxgBBYH3v1a37fCZShxQ,7yRZowUx9HrgqXc5LsqVbpvKB2JdPAx7cTimFpCZ6MmF,122374049965,4.3361,6,45jBd1sQWuSr2dbTBgjb168xaA6De78rLVUvQ2Zmpump
32K6YnX2tbGGxnaz6nYrwPQwgm9TYVDPNoyMatgiptCAuwFzZhVLex33iMe1soGtBJkEU5epTY7gji8792UXrSyh,1734360889,TRANSFER,G8kHx8LPpq6YUwBpxtTeGhPaampzEfMWEna4AkDgdsoH,7yRZowUx9HrgqXc5LsqVbpvKB2JdPAx7cTimFpCZ6MmF,57203766671,2.0269,6,45jBd1sQWuSr2dbTBgjb168xaA6De78rLVUvQ2Zmpump
3jm7mUobn3vRDYB8Rv2NKmTCG34wwSXpDP9cnp9WnQbwNrGUqtQZ3n9URNPMrNzvkZkZtgBV37pWxuci3k7qBNcV,1734360878,TRANSFER,FmJ4DG1FREDYoG8iB9uYvknkquLB4wE96oEQ8cRwv6EX,7yRZowUx9HrgqXc5LsqVbpvKB2JdPAx7cTimFpCZ6MmF,603398000000,21.38,6,45jBd1sQWuSr2dbTBgjb168xaA6De78rLVUvQ2Zmpump
4aygWQZvqgoyitPqtzXTTXkZ9Q3Mj6xFvZuaKfJH45akyJciyAUQksZJjnMm5BvHR6EmQ2B4unaagjq2VdebFtZp,1734360871,TRANSFER,AThakqczaE1ZhUtyXYzhnLpYjh3zGAA3AhmXaTixiKV,7yRZowUx9HrgqXc5LsqVbpvKB2JdPAx7cTimFpCZ6MmF,511257853967,18.12,6,45jBd1sQWuSr2dbTBgjb168xaA6De78rLVUvQ2Zmpump
4ZGoPdG3KMRegWuW4Sq5WmVtzCycapJgQjaTR2R6EREDh9iF84XtF5VQYvt8DbuvQ4hHfaEpxacgAgP26cFzmrSF,1734360867,TRANSFER,7aqDxpnHUzDyF58wy6vj5FP42JU221u2SBBHXLDJHPrk,7yRZowUx9HrgqXc5LsqVbpvKB2JdPAx7cTimFpCZ6MmF,1039498824467,36.83,6,45jBd1sQWuSr2dbTBgjb168xaA6De78rLVUvQ2Zmpump
7ybfkfDEmRdcWBXkycXgtjkQvnzc43U69QsGTVU9XazzBswEU6k5pecuLuwdYcqZj4phdkxLfPXFFigX5x41bjr,1734360863,TRANSFER,DAcSjTtccuHasyMZMtwe9i5jC5F2hDbKLg8YY7JqEnga,7yRZowUx9HrgqXc5LsqVbpvKB2JdPAx7cTimFpCZ6MmF,469834922569,16.65,6,45jBd1sQWuSr2dbTBgjb168xaA6De78rLVUvQ2Zmpump
5AoXZD1MtbwamFVCaty7rvcTQPAg6vuHSzTvLrKbLVxDfRbFkvsvb3ZZfhdC1GvGicFs1zvg99ndpQK5m9YUWYvK,1734360860,TRANSFER,JUP2QsunDJ8hjz19V2KZP18T5UzspFKjtkerm2JdCA4,7yRZowUx9HrgqXc5LsqVbpvKB2JdPAx7cTimFpCZ6MmF,1000000000000,35.43,6,45jBd1sQWuSr2dbTBgjb168xaA6De78rLVUvQ2Zmpump
2BKZ3rNK7eqqeBZPAz3hWyzWVgZujQZuHGa4crjXY21TYgDufCLM3ieNB8nwuvZoNYvDRHnHdaHfUFvfPFp4fmNG,1734360741,TRANSFER,Bc6nByVw4i1wUNXbi2byZ68wez1XQZJ3RyP9qNiT9qsS,7yRZowUx9HrgqXc5LsqVbpvKB2JdPAx7cTimFpCZ6MmF,1726920193289,71.97,6,45jBd1sQWuSr2dbTBgjb168xaA6De78rLVUvQ2Zmpump
5jEB7wAZH7V6JRpU9rCR7Bie1emJ2bCSC7C44YkPQWMjFqhZrTJxqmjCFxyWGoih88do6FTQbVxwoehuz4nXuTcS,1734360715,TRANSFER,9zaR8bkpqirk4vaFhHJKFWrVwSkRCiRNqNxcTfAZztTe,7yRZowUx9HrgqXc5LsqVbpvKB2JdPAx7cTimFpCZ6MmF,58141290455,2.3654,6,45jBd1sQWuSr2dbTBgjb168xaA6De78rLVUvQ2Zmpump
5cjywMacyavLiZRbN6RDLbxqGCnvBHKTPehu7aUUL7Qv3WUPgcsBYnk3QMwVAnYSGmwwj6PA41SUCJWsLd4HTP7c,1734360709,TRANSFER,CGh1vSHj9KCaYKvcbiBbM2gbh6aufAwRoS7964GwmKad,7yRZowUx9HrgqXc5LsqVbpvKB2JdPAx7cTimFpCZ6MmF,2241633806166,91.39,6,45jBd1sQWuSr2dbTBgjb168xaA6De78rLVUvQ2Zmpump
47ZspeHu21Q3R7nsuH3JJ2L7v4tzV4c3WukGzEw9CQuT5x2HaRFYmfbRh9KY6UMJ5mcx28oEQ5dsskuMPkZeZanc,1734360690,TRANSFER,3nhsrHBRHL6VLT7nKLqBgo48RLHjpbfKCxsT7esUhSPk,7yRZowUx9HrgqXc5LsqVbpvKB2JdPAx7cTimFpCZ6MmF,1023305179428,40.34,6,45jBd1sQWuSr2dbTBgjb168xaA6De78rLVUvQ2Zmpump
5A4KPb4fNYvEpBUX3RiTAXTJvxBZfPF4Wt2hA7gvYzWiQ2ox67FpPPZUshUg32dX9Zvfqp3x5WAkrH2YqwoN9KHE,1734360689,TRANSFER,646hMtBAmfKNEYuTqPjVNFsojq7twCW7xD595JJLV6ML,7yRZowUx9HrgqXc5LsqVbpvKB2JdPAx7cTimFpCZ6MmF,579170674552,22.92,6,45jBd1sQWuSr2dbTBgjb168xaA6De78rLVUvQ2Zmpump
3Q7tT3bLU5dJd88z2xUZJyUmbXZkn8b6ezsmyVGCeX7dvn3g6rcf7hoZC84kELHrvm3eWbNCyUxaSXBNFxFyVMbi,1734360680,TRANSFER,DbuAhu5nZhUAv3hqdbBqh8mMFyEiqXrj1FewczM1kZoe,7yRZowUx9HrgqXc5LsqVbpvKB2JdPAx7cTimFpCZ6MmF,59178303092,2.3455,6,45jBd1sQWuSr2dbTBgjb168xaA6De78rLVUvQ2Zmpump
4qvrESD3FoZXCrFttL1DgxmpTASxCh5osTiBAA1ZEJpjJRDprU75qXHZomjJiUiJJLRPHL4MTSA4tXKr8ubwerQ8,1734360664,TRANSFER,uQSG8uPYgU3h8bgPGPi23NUpZ3BXYCumeW4Ccszddur,7yRZowUx9HrgqXc5LsqVbpvKB2JdPAx7cTimFpCZ6MmF,589000000,0.02271,6,45jBd1sQWuSr2dbTBgjb168xaA6De78rLVUvQ2Zmpump
5uuRUary2mnv3Mpt2TGTMRZ3zb6pDiF5MuHCAzQVbHivytVX2efziSA8DTr4BuTTSnipJLdzCHMKff8X2BTMBdDu,1734360654,TRANSFER,FofaG2eMxAYvz9Mgf5ahYwAuFXqEoSFZu8i7bEss5EkA,7yRZowUx9HrgqXc5LsqVbpvKB2JdPAx7cTimFpCZ6MmF,1767999697126,67.36,6,45jBd1sQWuSr2dbTBgjb168xaA6De78rLVUvQ2Zmpump
38a7GDsBb5HweRFRDenfRCsVTmVowQ3xBfTyrA2atCDGYVpBaCMy9nnDtjKHVFFwwhj4G8h836gXDUnKAYkegZs,1734360648,TRANSFER,BhMgYcayewpsVX8uxt9xBsuXdwP4Ys8RvPmtg31gNuFi,7yRZowUx9HrgqXc5LsqVbpvKB2JdPAx7cTimFpCZ6MmF,610411557788,22.93,6,45jBd1sQWuSr2dbTBgjb168xaA6De78rLVUvQ2Zmpump
56YHzAUrJSst64V8aQ1w4aDaos3QaSrSphV4TkU31Kn9uiGrV6uiYTAPmtZh23Zr9z62fCRn1zmxQPPqxEosLLfj,1734360633,TRANSFER,CK8qCP4YMQHFsn3A9kcG9km6e4NgGMudxwwxVVfK6wnZ,7yRZowUx9HrgqXc5LsqVbpvKB2JdPAx7cTimFpCZ6MmF,2244456548880,83.41,6,45jBd1sQWuSr2dbTBgjb168xaA6De78rLVUvQ2Zmpump
2dLsGJkdDf4u2KtUm3PyBFb6WtrPw19MZ3mv8Q7D8ShfeTzYUsbf6hXAy9YBxpwNKWwvZ4tPvT6BFz5pUJPARZWa,1734360632,TRANSFER,Ee5rudft6ddZwFfvZvvSRVU7Lfb3z7yRvL9wjGbfT7HW,7yRZowUx9HrgqXc5LsqVbpvKB2JdPAx7cTimFpCZ6MmF,1977088282256,74.13,6,45jBd1sQWuSr2dbTBgjb168xaA6De78rLVUvQ2Zmpump
4USxW4n45TM2DdPTStGw1K24gd9diq4dHoeXWTegk75bJ7GRHydHsfqNC7ZpaokNz6mCbXBoNEVGNnnf7XNzYFTd,1734360623,TRANSFER,22gmJrbYoLf3mPBPsokZFWKVXDxNfnV7eoZRAa5pWnXD,7yRZowUx9HrgqXc5LsqVbpvKB2JdPAx7cTimFpCZ6MmF,136388932487,5.005,6,45jBd1sQWuSr2dbTBgjb168xaA6De78rLVUvQ2Zmpump
2MeVKRKL7Us7p1nKkUHG4bkyedr9MGwUzsEuJFaGzdsPQvMDQQGa74BWv3VrTxDBujMPctWZr8fFigBSm95iiTko,1734360621,TRANSFER,5RZRYLKB9UbBwh8p3SJXxxrnv4Cn4JFetXsuW6ejAYta,7yRZowUx9HrgqXc5LsqVbpvKB2JdPAx7cTimFpCZ6MmF,1524406000000,56.02,6,45jBd1sQWuSr2dbTBgjb168xaA6De78rLVUvQ2Zmpump
4VBhvnohei9quTxZnYnNTLmqXGwgdH7Xar8WYQcrZGWVWy9khD7unuAJ3Dx1fSqD9qwWMDSDZbfsbTY85WVzWnpt,1734360620,TRANSFER,zerowfY91rbHy5bqcMToo2HaHMYFPB6UhZdTQw3av7C,7yRZowUx9HrgqXc5LsqVbpvKB2JdPAx7cTimFpCZ6MmF,138441626933,5.103,6,45jBd1sQWuSr2dbTBgjb168xaA6De78rLVUvQ2Zmpump
3uYAHYqcg9ce1aRE1fVrgEtUb9pC87WfZ7Kj6CJiWv4fowhRmVjHEZpVTixREfwoSx28FRYACNmFzbMDaK8Bhcg2,1734360620,TRANSFER,HxwWevZkk611JWkk5LLJhUCq8QR2JiitFBqp7iygPZzg,7yRZowUx9HrgqXc5LsqVbpvKB2JdPAx7cTimFpCZ6MmF,585180817450,21.59,6,45jBd1sQWuSr2dbTBgjb168xaA6De78rLVUvQ2Zmpump
38h3ifXovJypJ9YLeiiY8TKF53fwGpWnKECp7AcdM38DUdGDkKSkx5VzKFYnTQpxHTn5gwtEbh7u5dUzrbZjbZMG,1734360602,TRANSFER,APBEQbp3jZjQF5yxBwbwjDj66pJLjnT3DoAtn9pN9DPQ,7yRZowUx9HrgqXc5LsqVbpvKB2JdPAx7cTimFpCZ6MmF,60519388825,2.2008,6,45jBd1sQWuSr2dbTBgjb168xaA6De78rLVUvQ2Zmpump
jLahRoPsNKRarvp7GQxYqXU15S53uG9G6HCCzVyhvYnVHBQMC2MvQgNCjCzJR8cfVt2SVxXkYYPpQiAR7BX8bCH,1734360570,MINT,,7yRZowUx9HrgqXc5LsqVbpvKB2JdPAx7cTimFpCZ6MmF,1000000000000000,6280.32,6,45jBd1sQWuSr2dbTBgjb168xaA6De78rLVUvQ2Zmpump
